Public Authority ,Category,Foi Email,Website,Address
Aberdeen City Council,Council (Borough/Disctrict/City) ,foienquiries@aberdeencity.gov.uk,http://www.aberdeencity.gov.uk/council_government/dp_foi/freedom_information/dpa_infron_foi.asp,"Marischal College Broad Street Aberdeen, AB10 1AB"
Aberdeenshire Council,Council (Borough/Disctrict/City),foi@aberdeenshire.gov.uk,http://www.aberdeenshire.gov.uk/foi/index.asp,"Woodhill House, Westburn Road, Aberdeen AB16 5GB"
Adur District Council,Council (Borough/Disctrict/City),information.officer@adur-worthing.gov.uk,http://www.adur-worthing.gov.uk/about-the-councils/legal/foi/,"Civic Centre, Ham Road, Shoreham-by-Sea, West Sussex BN43 6PR"
Allerdale Borough Council,Council (Borough/Disctrict/City),foi@allerdale.gov.uk,http://www.allerdale.gov.uk/council-and-democracy/data-protection-and-freedom-of/freedom-of-information-act-200.aspx,"Allerdale House, Workington, Cumbria CA14 3YJ"
Amber Valley Borough Council,Council (Borough/Disctrict/City),foi@ambervalley.gov.uk,http://www.ambervalley.gov.uk/council-and-democracy/data-protection-and-freedom-of-information.aspx,"Town Hall, Market Place, Ripley, Derbyshire DE5 3BT"
Angus Council,Council (Borough/Disctrict/City),legdem@angus.gov.uk,http://www.angus.gov.uk/foi/,"Angus House, Orchardbank Business Park, Forfar DD8 1AX"
Ards and North Down Borough Council,Council (Borough/Disctrict/City),FOI@ardsandnorthdown.gov.uk,http://www.ardsandnorthdown.gov.uk/about-the-council/freedom-of-information,
Argyll & Bute Council  ,Council (Borough/Disctrict/City),foi@argyll-bute.gov.uk,http://www.argyll-bute.gov.uk/node/25845,"Kilmory, Lochgilphead PA31 8RT"
Armagh Banbridge and Craigavon Borough Council,Council (Borough/Disctrict/City),foi@armaghbanbridgecraigavon.gov.uk,http://www.armaghbanbridgecraigavon.gov.uk/yourcouncil/freedom-of-information,
Arun District Council,Council (Borough/Disctrict/City),infomanagement@arun.gov.uk,http://www.arun.gov.uk/main.cfm?type=FREEDOMOFINFORMATI2,"The Arun Civic Centre, Maltravers Road, Littlehampton, West Sussex BN17 5LF"
Ashfield District Council,Council (Borough/Disctrict/City),foi@ashfield.gov.uk,http://www.ashfield-dc.gov.uk/ccm/navigation/council--government-and-democracy/about-ashfield-district-council/requests-for-information-/freedom-of-information/;jsessionid=C79C7837E919C53F6BAEF4338341817F,"Council Offices, Urban Road, Kirkby-in-Ashfield, Nottinghamshire NG17 8DA"
Ashford Borough Council,Council (Borough/Disctrict/City),FOI@ashford.gov.uk,http://www.ashford.gov.uk/ashford_borough_council/foi_and_data_protection.aspx,"Civic Centre, Tannery Lane, Ashford, Kent TN23 1PL"
Aylesbury Vale District Council,Council (Borough/Disctrict/City), records@aylesburyvaledc.gov.uk,http://www.aylesburyvaledc.gov.uk/about/data-protection---foi/making-request-information/,"66 High Street, Aylesbury, Bucks HP20 1SD"
Babergh District Council,Council (Borough/Disctrict/City),dataprotection@babergh.gov.uk,http://www.babergh.gov.uk/council-business/council-and-democracy/your-right-to-information/,"Council Offices, Corks Lane, Hadleigh, Ipswich IP7 6SJ"
Ballymoney Borough Council,Council (Borough/Disctrict/City),foi@ballymoney.gov.uk,http://www.ballymoney.gov.uk/freedom_of_information.aspx,"Riada House, Charles Street, Ballymoney BT53 6DZ"
Barnsley Borough Council,Council (Borough/Disctrict/City),informationrequests@barnsley.gov.uk,http://www.barnsley.gov.uk/services/council-and-democracy/data-protection-and-freedom-of-information/freedom-of-information/,"Town Hall, Barnsley, South Yorks S70 2TA"
Barrow-in-Furness Borough Council,Council (Borough/Disctrict/City),foi@barrowbc.gov.uk,http://www.barrowbc.gov.uk/default.aspx?page=1197,"Town Hall, Duke Street, Barrow in Furness, Cumbria LA14 3LD"
Basildon District Council,Council (Borough/Disctrict/City),freedomofinfo@basildon.gov.uk,http://www.basildon.gov.uk/index.aspx?articleid=1960,"Basildon Centre, St Martins Square, Basildon, Essex SS14 1DL"
Basingstoke & Deane Borough Council,Council (Borough/Disctrict/City),foi@basingstoke.gov.uk,http://www.basingstoke.gov.uk/browse/advice-and-benefits/your-right-to-know/freedom-of-information/,"Civic Offices, London Road, Basingstoke, Hampshire RG21 4AH"
Bassetlaw District Council,Council (Borough/Disctrict/City),FOIrequests@bassetlaw.gov.uk,http://www.bassetlaw.gov.uk/about_us/freedom_of_information.aspx,"Queens Buildings, Potter Street, Worksop S80 2AH"
Bath & North East Somerset Council,Council (Borough/Disctrict/City),information_governance@bathnes.gov.uk,http://www.bathnes.gov.uk/services/your-council-and-democracy/data-protection-and-freedom-information,"The Guildhall, High Street, Bath BA1 5AW"
Bedford Borough Council,Council (Borough/Disctrict/City),freedomofinformation@bedford.gov.uk,"http://www.bedford.gov.uk/council_and_democracy/data_protection,__foi__eir.aspx","Borough Hall, Cauldwell Street, Bedford, MK42 9AP"
Belfast City Council,Council (Borough/Disctrict/City),records@belfastcity.gov.uk,http://www.belfastcity.gov.uk/freedomofinformation/,"City Hall, Belfast BT1 5GS"
Birmingham City Council,Council (Borough/Disctrict/City),infogovernance@birmingham.gov.uk,http://www.birmingham.gov.uk/foi,"The Council House, Victoria Square, Birmingham B1 1BB"
Blaby District Council,Council (Borough/Disctrict/City),freedom.information@blaby.gov.uk,http://www.blaby.gov.uk/ccm/navigation/council-and-democracy/data-protection-and-freedom-of-information/freedom-of-information---advice/,"Council Offices, Desford Road, Narborough, Leicestershire LE9 5EP"
Blackburn with Darwen Borough Council,Council (Borough/Disctrict/City),accesstoinformation@blackburn.gov.uk,http://www.blackburn.gov.uk/Pages/Freedom-of-information.aspx,"Town Hall, King William Street, Blackburn BB1 7DY"
Blackpool Council,Council (Borough/Disctrict/City),FOI@blackpool.gov.uk ,http://www.blackpool.gov.uk/Services/A-F/FreedomofInformationAct/,"Town Hall, Blackpool FY1 1NF"
Blaenau Gwent County Borough,Council (Borough/Disctrict/City),info@blaenau-gwent.gov.uk,http://www.blaenau-gwent.gov.uk/398.asp,"Municipal Offices, Civic Centre, Ebbw Vale NP23 6XB"
Bolsover District Council,Council (Borough/Disctrict/City),FOI@bolsover.gov.uk,http://www.bolsover.gov.uk/freedom-of-information-act.html,"Sherwood Lodge, Bolsover S44 6NF"
Bolton Metropolitan Borough Council,Council (Borough/Disctrict/City),freedomofinfo@bolton.gov.uk,http://www.bolton.gov.uk/website/pages/FreedomofInformationadvice.aspx,"Town Hall, Victoria Square, Bolton BL1 1RU"
Boston Borough Council,Council (Borough/Disctrict/City),foi@boston.gov.uk,http://www.boston.gov.uk/index.aspx?articleid=4020,"Municipal Buildings, West Street, Boston, Lincs PE21 8QR"
Bournemouth Borough Council,Council (Borough/Disctrict/City),enquiries@bournemouth.gov.uk,http://www.bournemouth.gov.uk/CouncilDemocracy/ProvidingandProtectingInformation/Moreaboutthelegislation/FreedomofInformationAct.aspx,"Town Hall, Bourne Avenue, Bournemouth BH2 6DY"
Bracknell Forest Council,Council (Borough/Disctrict/City),information.compliance-officer@bracknell-forest.gov.uk,http://www.bracknell-forest.gov.uk/dataprotectionandfreedomofinformation,"Easthampstead House, Town Square, Bracknell, Berks RG12 1AQ"
Bradford Metropolitan Council,Council (Borough/Disctrict/City),foi@bradford.gov.uk,http://www.bradford.gov.uk/bmdc/government_politics_and_public_administration/data_protection_foi/freedom_of_information,"City Hall, Centenary Square, Bradford BD1 1HY"
Braintree District Council,Council (Borough/Disctrict/City),foia@braintree.gov.uk,http://www.braintree.gov.uk/info/200136/access_to_information/85/freedom_of_information_act_advice,"Causeway House, Braintree, Essex CM7 9HB"
Breckland District Council,Council (Borough/Disctrict/City),freedomofinformation@breckland.gov.uk,http://www.breckland.gov.uk/foi,"The Guildhall, Dereham, Norfolk NR19 1EE"
Brentwood Borough Council,Council (Borough/Disctrict/City),foi@brentwood.gov.uk,http://www.brentwood.gov.uk/index.php?cid=693,"Council Offices, Ingrave Road, Brentwood, Essex CM15 8AY"
Bridgend County Borough Council,Council (Borough/Disctrict/City),foi@bridgend.gov.uk ,http://www.bridgend.gov.uk/web/groups/public/documents/services/003176.hcsp,"Civic Offices, Angel Street, Bridgend CF31 1LX"
Brighton and Hove City Council,Council (Borough/Disctrict/City),freedomofinformation@brighton-hove.gov.uk,http://www.brighton-hove.gov.uk/index.cfm?request=c1001649,"Kings House, Grand Avenue, Hove, East Sussex BN3 2LS"
Bristol City Council,Council (Borough/Disctrict/City),foi@bristol.gov.uk,http://www.bristol.gov.uk/page/freedom-information,The Council House College Green Bristol BS1 5TR
Broadland District Council,Council (Borough/Disctrict/City),foi@broadland.gov.uk,http://www.broadland.gov.uk/council_and_democracy/513.asp,"Thorpe Lodge, 1 Yarmouth Road, Thorpe St Andrews, Norwich NR7 0DU"
Bromsgrove District Council,Council (Borough/Disctrict/City),foi@bromsgrove.gov.uk,http://www.bromsgrove.gov.uk/cms/about-your-bromsgrove/access-to-information/freedom-of-information.aspx,"The Council House, Burcot Lane, Bromsgrove, Worcs B60 1AA"
Broxbourne Council,Council (Borough/Disctrict/City),foi@broxbourne.gov.uk,http://www.broxbourne.gov.uk/council_and_democracy/freedom_of_information.aspx,"Borough Offices, Bishops College, Churchgate, Cheshunt, Herts EN8 9XQ"
Broxtowe Borough Council,Council (Borough/Disctrict/City),foi@broxtowe.gov.uk,http://www.broxtowe.gov.uk/index.aspx?articleid=609,"Town Hall, Foster Avenue, Beeston, Nottingham NG9 1AB"
Buckinghamshire County Council,Council (Borough/Disctrict/City),foi@buckscc.gov.uk,http://www.buckscc.gov.uk/bcc/foi/freedom_of_information_act.page,"County Hall, Aylesbury, Bucks HP20 1UA"
Burnley Borough Council,Council (Borough/Disctrict/City),foi@burnley.gov.uk,http://www.burnley.gov.uk/site/scripts/services_info.php?serviceID=158,"Town Hall, Manchester Road, Burnley, Lancs BB11 1JA"
Bury Metropolitan Borough Council,Council (Borough/Disctrict/City),customercontactteam@bury.gov.uk,http://www.bury.gov.uk/index.aspx?articleid=4276,"Town Hall, Knowsley Street, Bury BL9 0SW"
Caerphilly County Borough Council,Council (Borough/Disctrict/City),foi@caerphilly.gov.uk,http://www.caerffili.gov.uk/site.aspx?s=+fF2hMF66Fm2FYYyp9h7P8vix2H3n7yzG+RNGNGe5kqHFv5zQqbfuw==,"Council Offices, Nelson Road, Tredomen, Ystrad Mynach, Hergoed CF82 7WF"
Calderdale,Council (Borough/Disctrict/City),information_management@calderdale.gov.uk,http://www.calderdale.gov.uk/advice/accessinformation/foi/index.html,"Town Hall, Halifax, W Yorks HX1 1UJ"
Cambridge City Council,Council (Borough/Disctrict/City),foi@cambridge.gov.uk ,http://www.cambridge.gov.uk/ccm/navigation/about-the-council/how-the-council-works/freedom-of-information/,"Guildhall, Cambridge CB2 3QJ"
Cambridgeshire County Council,Council (Borough/Disctrict/City),foi@cambridgeshire.gov.uk,http://www.cambridgeshire.gov.uk/council/access/foi/,"Shire Hall, Castle Hill, Cambridge CB3 0AP"
Cannock Chase District Council,Council (Borough/Disctrict/City),infomanager@cannockchasedc.gov.uk,http://www.cannockchasedc.gov.uk/info/200031/data_protection_and_freedom_of_information/304/freedom_of_information_guidance,"Civic Centre, P.O. Box 28, Beechcroft Road, Cannock, Staffs WS11 1BG"
Canterbury City Council,Council (Borough/Disctrict/City),foi@canterbury.gov.uk,http://www.canterbury.gov.uk/main.cfm?objectid=647,"Council Offices, Military Road, Canterbury CT1 1YW"
Cardiff Council,Council (Borough/Disctrict/City),foi@cardiff.gov.uk,http://www.cardiff.gov.uk/content.asp?nav=2%2C2872%2C3252,"County Hall, Atlantic Wharf, Cardiff CF10 4UW"
Carlisle City Council,Council (Borough/Disctrict/City),information@carlisle.gov.uk,http://www.carlisle.gov.uk/council_and_democracy/freedom_of_information.aspx,"Civic Centre, Rickergate, Carlisle CA3 8QG"
Carmarthenshire County Council,Council (Borough/Disctrict/City),foia@carmarthenshire.gov.uk,http://www.carmarthenshire.gov.uk/english/council/pages/freedomofinformation.aspx,"County Hall, Carmarthen SA31 1JP"
Carrickfergus Borough Council,Council (Borough/Disctrict/City),lynn.gordon@carrickfergus.org,http://www.carrickfergus.org/council/freedom-of-information/,"Town Hall, Joymount, Carrickfergus BT38 7DL"
Castle Point,Council (Borough/Disctrict/City),info@castlepoint.gov.uk,http://www.castlepoint.gov.uk/main.cfm?menuID=11763,"Council Offices, Kiln Road, Thundersley, Benfleet SS7 1TF"
Causeway Coast and Glens Borough Council,Council (Borough/Disctrict/City),info@causewaycoastandglens.gov.uk,https://www.causewaycoastandglens.gov.uk/footer-information/freedom-of-information,
Central Bedfordshire Council,Council (Borough/Disctrict/City),accesstoinfo@centralbedfordshire.gov.uk,http://www.centralbedfordshire.gov.uk/council-and-democracy/local-government-in-central-bedfordshire/access-to-information/access-to-information-making-request.aspx,"Priory House Monks Walk Chicksands, SHEFFORD Beds SG17 5TQ"
Ceredigion County Council,Council (Borough/Disctrict/City),foi@ceredigion.gov.uk,http://www.ceredigion.gov.uk/index.cfm?articleid=11640,"Newadd Cyngor Credigion, Penmorfa, Aberaeron SA46 0PA"
Charnwood Borough Council,Council (Borough/Disctrict/City),foi@charnwood.gov.uk,http://www.charnwood.gov.uk/pages/freedomofinformation,"Southfields, Southfield Road, Loughborough LE11 2TX"
Chelmsford Borough Council,Council (Borough/Disctrict/City),ir@chelmsford.gov.uk,http://www.chelmsford.gov.uk/foi,"Civic Centre, Duke Street, Chelmsford CM1 1JE"
Cheltenham Borough Council,Council (Borough/Disctrict/City),customerrelations@cheltenham.gov.uk,http://www.cheltenham.gov.uk/info/200031/data_protection_and_freedom_of_information/287/freedom_of_information,"Municipal Offices, Promenade, Cheltenham GL50 1PP"
Cherwell District Council,Council (Borough/Disctrict/City),foi@cherwell-dc.gov.uk,http://www.cherwell.gov.uk/index.cfm?articleid=968,"Bodicote House,White Post Road, Bodicote, Banbury OX15 4AA"
Cheshire East,Council (Borough/Disctrict/City),foi@cheshireeast.gov.uk,http://www.cheshireeast.gov.uk/council_and_democracy/council_information/freedom_of_information.aspx,"Town Hall, Macclesfield SK10 1DP"
Cheshire West and Chester,Council (Borough/Disctrict/City),foi@cheshirewestandchester.gov.uk,http://www.cheshirewestandchester.gov.uk/default.aspx?page=5339,"HQ, 58 Nicholas Street, Chester, CH1 2NP"
Chesterfield Borough Council,Council (Borough/Disctrict/City),info@chesterfield.gov.uk,http://www.chesterfield.gov.uk/Freedom-of-Information-94.html,"Town Hall, Rose Hill, Chesterfield S40 1LP"
Chichester District Council,Council (Borough/Disctrict/City),foi@chichester.gov.uk,http://www.chichester.gov.uk/index.cfm?articleid=6472,"East Pallant House, 1 East Pallant, Chichester, West Sussex PO19 1TY"
Chiltern District Council,Council (Borough/Disctrict/City),foi@chiltern.gov.uk,http://www.chiltern.gov.uk/article/380/Freedom-of-Information-Act-2000-Publication-Scheme,"Council Offices, King George V Road, Amersham, Bucks HP6 5AW"
Chorley Borough Council,Council (Borough/Disctrict/City),foi@chorley.gov.uk,http://www.chorley.gov.uk/index.aspx?articleid=414,"Town Hall, Market Street, Chorley, Lancs PR7 1DP"
Christchurch Borough Council,Council (Borough/Disctrict/City),enquiries.bournemouth@bcpcouncil.gov.uk,http://www.dorsetforyou.com/foi,"Civic Offices, Bridge Street, Christchurch, Dorset BH23 1AZ"
City & County of Swansea,Council (Borough/Disctrict/City),freedomofinformation@swansea.gov.uk,http://www.swansea.gov.uk/index.cfm?articleid=6037,"County Hall, Oystermouth Road, Swansea SA1 3SN"
City of Edinburgh,Council (Borough/Disctrict/City),informationrights@edinburgh.gov.uk,http://www.edinburgh.gov.uk/info/704/access_to_information,"City Chambers, High Street, Edinburgh EH1 1YJ"
City of Glasgow,Council (Borough/Disctrict/City),foi@glasgow.gov.uk,http://www.glasgow.gov.uk/en/YourCouncil/FreedomofInformation/,"City Chambers, George Square, Glasgow G2 1DU"
City of London Corporation,Council (Borough/Disctrict/City),information.officer@cityoflondon.gov.uk,http://www.cityoflondon.gov.uk/about-the-city/how-we-work/access-to-information/Pages/default.aspx,"PO Box 270, Guildhall, London EC2P 2EJ"
City of Westminster,Council (Borough/Disctrict/City),foi@westminster.gov.uk,http://www.westminster.gov.uk/services/councilgovernmentanddemocracy/dataprotectionandfreedomofinformation/foi/,"Westminster City Hall, 64 Victoria Street, London SW1E 6QP"
City of York,Council (Borough/Disctrict/City),foi@york.gov.uk,http://www.york.gov.uk/council/information/foi/,"Guildhall, York YO1 9QN"
Clackmannanshire Council,Council (Borough/Disctrict/City),foi@clacks.gov.uk,http://www.clacksweb.org.uk/regulation/foi/,"Greenfield, Mar Place, Alloa FK10 2AD"
Colchester Borough Council,Council (Borough/Disctrict/City),info@colchester.gov.uk,http://www.colchester.gov.uk/article/2215/Freedom-of-Information-and-Data-Protection,"P.O. Box 884, Town Hall, Colchester CO1 1FR"
Coleraine Borough Council,Council (Borough/Disctrict/City),info@colerainebc.gov.uk,http://www.colerainebc.gov.uk/show.php?id=275,"Cloonavin, 41 Portstewart Road, Coleraine BT52 1EY"
Comhairle nan Eilean Siar (Western Isles Council),Council (Borough/Disctrict/City),foi@cne-siar.gov.uk,http://www.cne-siar.gov.uk/foi/index.asp,"Sandwick Road, Stornoway, Isle of Lewis, Scotland HS1 2BW"
Conwy County Borough Council,Council (Borough/Disctrict/City),info-gov.unit@conwy.gov.uk,http://www.conwy.gov.uk/section.asp?cat=666&Language=1,"Council Offices, Bodlondeb, Conwy LL32 8DU"
Cookstown District Council,Council (Borough/Disctrict/City),info@midulstercouncil.org,http://www.cookstown.gov.uk/corporateservices/freedomofinformation/,"Council Offices, Burn Road, Cookstown BT80 8DT"
Copeland Borough Council,Council (Borough/Disctrict/City),foi@copelandbc.gov.uk,http://www.copeland.gov.uk/default.aspx?page=396,"Council Offices, Catherine Street, Whitehaven, Cumbria CA19 1YZ"
Corby Borough Council,Council (Borough/Disctrict/City),FOI@corby.gov.uk,http://www.corby.gov.uk/site-page/freedom-information-advice,"Civic Centre, George Street, Corby, Northants NN17 1QB"
Cornwall Council,Council (Borough/Disctrict/City),foirequests@cornwall.gov.uk,http://www.cornwall.gov.uk/default.aspx?page=229,"County Hall, Treyew Road, Truro TR1 3AY"
Cotswold District Council,Council (Borough/Disctrict/City),foi@cotswold.gov.uk,http://www.cotswold.gov.uk/nqcontent.cfm?a_id=1707,"Council Offices, Trinity Road, Cirencester GL7 1PX"
Council of the Isles of Scilly,Council (Borough/Disctrict/City),FOI@scilly.gov.uk,http://www.scilly.gov.uk/council/dp_FOI/FOI.htm,"Town Hall, St Mary's, Isles Of Scilly TR21 0LW"
Coventry City Council,Council (Borough/Disctrict/City),infogov@coventry.gov.uk,http://www.coventry.gov.uk/a_to_z/service/99/freedom_of_information,"Council House, Earl Street, Coventry CV1 5RR"
Craven District Council,Council (Borough/Disctrict/City),accesstoinfo@cravendc.gov.uk,http://www.cravendc.gov.uk/article/2305/Access-to-Information,"Council Offices, Granville Street, Skipton, N Yorks BD23 1PS"
Crawley Borough Council,Council (Borough/Disctrict/City),foi@crawley.gov.uk,http://www.crawley.gov.uk/pw/Council_Services_and_Democracy/Access_to_Information/Freedom_of_Information/index.htm,"Town Hall, The Boulevard, Crawley RH10 1UZ"
Cumbria County Council,Council (Borough/Disctrict/City),information.governance@cumbria.gov.uk ,http://www.cumbria.gov.uk/council-democracy/accesstoinformation/foi/default.asp,"The Courts, English Street, Carlisle CA3 8MA"
Dacorum Borough Council,Council (Borough/Disctrict/City),foi@dacorum.gov.uk,http://www.dacorum.gov.uk/default.aspx?page=1987,"Civic Centre, Marlowes, Hemel Hempstead HP1 1HH"
Darlington Borough Council,Council (Borough/Disctrict/City),freedomofinformation@darlington.gov.uk,http://www.darlington.gov.uk/Generic/dataandfoi/freedomofinformation.htm,"Town Hall, Feethams, Darlington DL1 5QT"
Dartford Borough Council,Council (Borough/Disctrict/City),foi@dartford.gov.uk,http://www.dartford.gov.uk/by-category/council-and-democracy2/data-protection-and-freedom-of-information,"Civic Centre, Home Gardens, Dartford DA1 1DR"
Daventry District Council,Council (Borough/Disctrict/City),freedomofinformation@daventrydc.gov.uk,http://www.daventrydc.gov.uk/business/freedom-of-information/how-to-make-a-request/,"Council Offices, Lodge Road, Daventry, Northants NN11 5AF"
Denbighshire Council,Council (Borough/Disctrict/City),information@denbighshire.gov.uk,http://www.denbighshire.gov.uk/en-gb/DNAP-75QHQK,"Council Offices, Wynnstay Road, Ruthin LL15 1AT"
Derby City Council,Council (Borough/Disctrict/City),foi@derby.gov.uk,http://www.derby.gov.uk/apps/foi/,"The Council House, Corporation Street, Derby DE1 2FS"
Derbyshire County Council,Council (Borough/Disctrict/City),access2info@derbyshire.gov.uk,http://www.derbyshire.gov.uk/global/publication_scheme/default.asp,"County Hall, Matlock DE4 3AG"
Derbyshire Dales,Council (Borough/Disctrict/City),foi@derbyshiredales.gov.uk,http://www.derbyshiredales.gov.uk/your-council/data-and-information/freedom-of-information,"Town Hall, Bank Road, Matlock DE4 3NN"
Derry (City of Londonderry),Council (Borough/Disctrict/City),foi@derrycity.gov.uk ,http://www.derrycity.gov.uk/Freedom-of-Information,"Council Offices, 98 Strand Road, Londonderry BT48 7NN"
Devon County Council,Council (Borough/Disctrict/City),accesstoinformation-mailbox@devon.gov.uk,http://www.devon.gov.uk/freedom_of_information,"County Hall, Topsham Road, Exeter EX2 4DD"
Doncaster Metropolitan Borough Council,Council (Borough/Disctrict/City),foi@doncaster.gov.uk,http://www.doncaster.gov.uk/talktous/customerservices/Freedom_of_Information.aspx,"2 Priory Place, Doncaster DN1 1BN"
Dorset County Council,Council (Borough/Disctrict/City),foi@dorsetcc.gov.uk,http://www.dorsetforyou.com/foi,"County Hall, Coliton Park, Dorchester DT1 1XJ"
Dover District Council,Council (Borough/Disctrict/City),freedomofinformation@dover.gov.uk,http://www.dover.gov.uk/council__democracy/freedom_of_information.aspx,"Council Offices, Honeywood Close, White Cliffs Business Park, Dover, Kent CT16 3PJ"
Down District Council,Council (Borough/Disctrict/City),council@downdc.gov.uk,http://www.downdc.gov.uk/getdoc/9f94d8ec-91b2-4abd-be41-75fda7a2a2d4/Freedom%20Of%20Information.aspx,"Council Office, 24 Strangford Road, Downpatrick BT30 6SR"
Dudley Metropolitan Borough,Council (Borough/Disctrict/City),information.governance@dudley.gov.uk,http://www.dudley.gov.uk/council-democracy/data-protection-freedom-of-information/,"The Council House, Dudley DY1 1HF"
Dumfries and Galloway Council,Council (Borough/Disctrict/City),FOI@dumgal.gov.uk,http://www.dumgal.gov.uk/index.aspx?articleid=1726,"Council Offices, English Street, Dunfries DG1 2DD"
Dundee City Council,Council (Borough/Disctrict/City),foi@dundeecity.gov.uk,http://www.dundeecity.gov.uk/foisa/,"21 City Square, Dundee DD1 3BY"
Durham County Council,Council (Borough/Disctrict/City),foi@durham.gov.uk,http://www.durham.gov.uk/pages/Service.aspx?ServiceId=722,"County Hall, Durham DH1 5UF"
East Ayrshire Council,Council (Borough/Disctrict/City),FreedomofInformation@east-ayrshire.gov.uk,http://www.east-ayrshire.gov.uk/CouncilAndGovernment/DataProtectionAndFreedomOfInformation/FreedomOfInformation(Scotland)Act2002.aspx,"Council Headquarters, London Road, Kilmarnoch KT3 7DG"
East Cambridgeshire,Council (Borough/Disctrict/City),foi@eastcambs.gov.uk,http://www.eastcambs.gov.uk/notices/freedom-information-act-foia,"The Grange, Nutholt Lane, Cambridgeshire CB7 4PL"
East Devon,Council (Borough/Disctrict/City),foi@eastdevon.gov.uk,http://www.eastdevon.gov.uk/freedom_of_information_act,"Council Offices, Knowle, Sidmouth, Devon EX10 8HL"
East Dorset District Council,Council (Borough/Disctrict/City),foi@eastdorsetdc.gov.uk,http://www.dorsetforyou.com/foi,"Council Offices, Furzehill, Wimborne, Dorset BH21 4HN"
East Dunbartonshire Council,Council (Borough/Disctrict/City),foi@eastdunbarton.gov.uk,http://www.eastdunbarton.gov.uk/content/law_and_licensing/data_protection_and_freedom_of/freedom_of_information/freedom_of_information.aspx,"Tom Johnston House, Civic Way, Kirkintilloch G66 4TJ"
East Hampshire District Council,Council (Borough/Disctrict/City),info-requests@easthants.gov.uk,http://www.easthants.gov.uk/home.nsf/AtoZListing/Freedom+of+Information?OpenDocument&name=Freedom+of+Information,"Penns Place, Petersfield, Hants GU31 4EX"
East Hertfordshire,Council (Borough/Disctrict/City),foi@eastherts.gov.uk,http://www.eastherts.gov.uk/index.jsp?articleid=10676,"Council Offices, Wallfields, Pegs Lane, Hertford SG13 8EQ"
East Lindsey District Council,Council (Borough/Disctrict/City),information.management@e-lindsey.gov.uk,http://www.e-lindsey.gov.uk/council/DPA+FOI+and+EIR/foi.htm,"Tedder Hall, Manby Park, Louth, Lincs LN11 8UP"
East Lothian Council,Council (Borough/Disctrict/City),foi@eastlothian.gov.uk,http://www.eastlothian.gov.uk/a_to_z/service/129/freedom_of_information,"Council Buildings, 25 Court Street, Haddington EH41 3HA"
East Northamptonshire Council,Council (Borough/Disctrict/City),foi@east-northamptonshire.gov.uk,http://www.east-northamptonshire.gov.uk/foi,"East Northamptonshire House, Cedar Drive, Thrapston NN14 4LZ"
East Renfrewshire Council,Council (Borough/Disctrict/City),customerservices@eastrenfrewshire.gov.uk,http://www.eastrenfrewshire.gov.uk/index.aspx?articleid=1853,"Council Headquarters, Eastwood Park, Giffnock, East Renfrewshire G46 6UG"
East Riding of Yorkshire Council,Council (Borough/Disctrict/City),foi@eastriding.gov.uk,http://www2.eastriding.gov.uk/council/governance-and-spending/freedom-of-information/,"County Hall, Cross Street, Beverley HU17 9BA"
East Staffordshire Borough Council,Council (Borough/Disctrict/City),foi@eaststaffsbc.gov.uk,http://www.eaststaffsbc.gov.uk/Services/Pages/FreedomofInformation.aspx,"Town Hall, King Edward Place, Burton Upon Trent DE14 2EB"
East Sussex County Council,Council (Borough/Disctrict/City),foi@eastsussex.gov.uk,http://www.eastsussex.gov.uk/yourcouncil/about/keydocuments/foi/default.htm,"County Hall, St Anne's Crescent, Lewes, East Sussex BN7 1UE"
Eastbourne Council,Council (Borough/Disctrict/City),foi@eastbourne.gov.uk,http://www.eastbourne.gov.uk/council/data/freedom-of-information/,"Town Hall, Grove Road, Eastbourne BN21 4UG"
Eastleigh Borough Council,Council (Borough/Disctrict/City),foi@eastleigh.gov.uk,http://www.eastleigh.gov.uk/the-council/data-protection-and-foi/publication-scheme-foi/frequently-asked-questions.aspx,"Civic Offices, Leigh Road, Eastleigh, Hampshire SO50 9YN"
Eden District Council,Council (Borough/Disctrict/City),FOI@eden.gov.uk,http://www.eden.gov.uk/your-council/requesting-information/freedom-of-information-foi/,"Town Hall, Penrith, Cumbria CA11 7QF"
Elmbridge Borough Council,Council (Borough/Disctrict/City),foi@elmbridge.gov.uk ,http://www.elmbridge.gov.uk/council/information/FoIpubscheme.htm,"Civic Centre, High Street, Esher, Surrey KT10 9SD"
Epping Forest District Council,Council (Borough/Disctrict/City),performance@eppingforestdc.gov.uk,http://www.essex.gov.uk/Your-Council/Your-Right-Know/Pages/Making-Freedom-of-Information-request.aspx,"Civic Offices, High Street, Epping, Essex CM16 4BZ"
Epsom & Ewell Borough Council,Council (Borough/Disctrict/City),foi@epsom-ewell.gov.uk,http://www.epsom-ewell.gov.uk/EEBC/Council/Data+Protection+and+Freedom+of+Information/,"Town Hall, The Parade, Epson, Surrey KT18 5BY"
Erewash Borough,Council (Borough/Disctrict/City),foi@erewash.gov.uk,http://www.erewash.gov.uk/about_the_council/data_protection_and_foi/freedom_of_information/default.asp,"Town Hall, Ilkeston, Derbyshire DE7 5RP"
Essex County Council,Council (Borough/Disctrict/City),yourrighttoknow@essex.gov.uk,http://www.essex.gov.uk/Your-Council/Your-Right-Know/Pages/Making-Freedom-of-Information-request.aspx,County Hall Market Road Chelmsford CM1 1LX
Exeter City,Council (Borough/Disctrict/City),foi@exeter.gov.uk,http://www.exeter.gov.uk/index.aspx?articleid=9268,"Civic Centre, Paris Street, Exeter EX1 1JN"
Falkirk District Council,Council (Borough/Disctrict/City),foi@falkirk.gov.uk,http://www.falkirk.gov.uk/services/chief_executive/governance/customer_and_development_services/freedom_of_information/freedom_of_information.aspx,"Municipal Buildings, West Bridge Street, Falkirk FK1 5RS"
Fareham Borough Council,Council (Borough/Disctrict/City),foi@fareham.gov.uk,https://www.fareham.gov.uk/council/general/freedomact/appealsproc.aspx,"Civic Offices, Civic Way, Fareham, Hants PO16 7PP"
Fenland District Council,Council (Borough/Disctrict/City),foi@fenland.gov.uk,http://www.fenland.gov.uk/article/1895/Freedom-of-Information,"Fenland Hall, County Road, March, Cambridgeshire PE15 8NQ"
Fermanagh & Omagh District Council,Council (Borough/Disctrict/City),foi@fermanaghomagh.com,http://www.fermanaghomagh.com/your-council/freedom-of-information/,
Fife Council,Council (Borough/Disctrict/City),information.requests@fife.gov.uk,https://www.fifedirect.org.uk/topics/index.cfm?fuseaction=service.display&p2sid=48F879A4-E65C-441B-A0C1-82E17614F3FE&themeid=2B892409-722D-4F61-B1CC-7DE81CC06A90,"Fife House, North Street, Glenrothes KY7 5LT"
Flintshire County Council,Council (Borough/Disctrict/City),foi@flintshire.gov.uk,http://www.flintshire.gov.uk/wps/portal/english/services?WCM_GLOBAL_CONTEXT=/web+content/Flintshire/English/Services/100004/200031,"County Hall, Mold CH7 6NB"
Forest of Dean District Council,Council (Borough/Disctrict/City),foi@fdean.gov.uk,http://www.fdean.gov.uk/nqcontent.cfm?a_id=6541&tt=graphic,"Council Offices, High Street, Coleford, Gloucestershire GL16 8BH"
Fylde Borough Council,Council (Borough/Disctrict/City),garyp@fylde.gov.uk,https://www.fylde.gov.uk/council/freedomofinformation/,"Town Hall, Lytham St Annes, Lancs FY8 1LW"
Gateshead Metropolitan Borough Council,Council (Borough/Disctrict/City),informationrights@gateshead.gov.uk ,http://www.forest-heath.gov.uk/info/200031/data_protection_and_freedom_of_information/329/freedom_of_information,"Civic Centre, Regent Street, Gateshead NE8 1HH"
Gedling Borough Council,Council (Borough/Disctrict/City),inforequest@gedling.gov.uk,http://www.gedling.gov.uk/aboutus/datainformation/freedomofinformation/,"Civic Centre, Arnot Hill Park, Arnold, Nottingham NG5 6LU"
Gloucester City Council,Council (Borough/Disctrict/City),FOI@gloucester.gov.uk,http://www.gloucester.gov.uk/LGNL/Councilanddemocracy/Dataprotectionandfreedomofinformation/FreedomofInformation-advice/foi.aspx,"Herbert Warehouse, The Docks, Gloucester GL1 2EQ"
Gloucestershire County Council,Council (Borough/Disctrict/City),foi@gloucestershire.gov.uk,http://www.gloucestershire.gov.uk/foi,"Shire Hall, Westgate Street, Gloucester GL1 2TG"
Gosport Borough Council,Council (Borough/Disctrict/City),foi@gosport.gov.uk,http://www.gosport.gov.uk/foi/,"Town Hall, High Street, Gosport, Hants PO12 1EB"
Gravesham Borough Council,Council (Borough/Disctrict/City),foi@gravesham.gov.uk,http://www.gravesham.gov.uk/services/council-and-democracy/data-protection-and-freedom-of-information/freedom-of-information,"Civic Centre, Windmill Street, Gravesend, Kent DA12 1AU"
Great Yarmouth Borough Council,Council (Borough/Disctrict/City),foi@great-yarmouth.gov.uk,http://www.great-yarmouth.gov.uk/council-democracy/access-to-council-information/freedom-of-information/index.htm,"Town Hall, Hall Plain, Great Yarmouth NR30 2QF"
Greater London Authority,Council (Borough/Disctrict/City),mayor@london.gov.uk,http://www.london.gov.uk/freedom-information,"City Hall, The Queen's Walk, London SE1 2AA"
Guildford Borough Council,Council (Borough/Disctrict/City),iro@guildford.gov.uk,http://www.guildford.gov.uk/article/5102/Data-protection-Transparency-and-FOI?mode=1,"Millmead House, Millmead, Guildford GU2 4BB"
Gwynedd Council,Council (Borough/Disctrict/City),foi@gwynedd.gov.uk,http://www.gwynedd.gov.uk/gwy_doc.asp?doc=10220&language=1&p=1&c=1,"Swyddfar'r Cyngor, Shirehall Street, Caernarfon LL55 1SH"
Halton Borough Council,Council (Borough/Disctrict/City),info@halton.gov.uk,http://www3.halton.gov.uk/councilanddemocracy/dataprotectionandfreedomofinformation/freedomofinformationadvice/,"Municipal Buildings, Kingsway, Widnes WA8 7QF"
Hambleton,Council (Borough/Disctrict/City), info@hambleton.gov.uk,http://www.hambleton.gov.uk/index.php?option=com_content&view=article&catid=96&id=521,"Civic Centre, Stone Cross, Northalerton DL6 2UU"
Hampshire County Council,Council (Borough/Disctrict/City),FOI@hants.gov.uk,http://www3.hants.gov.uk/service722,"The Castle, Winchester SO23 8UJ"
Harborough District Council,Council (Borough/Disctrict/City),customer.services@harborough.gov.uk,http://www.harborough.gov.uk/info/100004/council_and_democracy/190/access_to_information/2,"Council Offices, Adam and Eve Street, Market Harborough LE16 7AG"
Harlow Council,Council (Borough/Disctrict/City),contact@harlow.gov.uk,http://www.harlow.gov.uk/default.aspx?page=9687,"Civic Centre, The Water Gardens, College Square, Harlow, Essex CM20 1WG"
Harrogate Borough Council,Council (Borough/Disctrict/City),foi@harrogate.gov.uk,http://www.harrogate.gov.uk/mslg/Documents/HBC-FOI-PublicationScheme.pdf,"Council Offices, Crescent Gardens, Harrogate HG1 2SG"
Hart District Council,Council (Borough/Disctrict/City),foi@hart.gov.uk,http://www.hart.gov.uk/index/your_council/your_council-freedom_of_information.htm,"Civic Offices, Harlington Way, Fleet, Hants GU51 4AE"
Hartlepool Borough Council,Council (Borough/Disctrict/City),freedomofinformation@hartlepool.gov.uk,http://www.hartlepool.gov.uk/info/200031/data_protection_and_freedom_of_information/1529/access_to_information/1,"Civic Centre, Victoria Road, Hartlepool TS24 8AY"
Hastings Borough Council,Council (Borough/Disctrict/City),informationofficer@hastings.gov.uk,http://www.hastings.gov.uk/decisions_democracy/transparency/freedom_of_information/what_is_foi/,"Town Hall, Queens Road, Hastings, East Sussex TN34 1QR"
Havant District Council,Council (Borough/Disctrict/City),customer.services@havant.gov.uk,http://www.havant.gov.uk/havant-4147,"Civic Offices, Civic Centre Road, Havant, Hants PO9 2AX"
Herefordshire Council,Council (Borough/Disctrict/City),accesstoinformation@herefordshire.gov.uk,http://www.herefordshire.gov.uk/council_gov_democracy/foi/1931.asp,"Brockington', 35 Hafod Road, Hereford HR1 1SH"
Hertfordshire County Council,Council (Borough/Disctrict/City),contact@hertfordshire.gov.uk,http://www.hertsdirect.org/your-council/work/foi/,"County Hall, Hertford SG13 8DE"
Hertsmere Borough Council,Council (Borough/Disctrict/City),foi@hertsmere.gov.uk,http://www.hertsmere.gov.uk/councildemocracy/accesstoinformation/freedomofinformation/,"Civic Offices, Elstree Way, Borehamwood, Herts WD6 1WA"
High Peak Borough,Council (Borough/Disctrict/City),FOI@highpeak.gov.uk,http://www.highpeak.gov.uk/sm/a-to-z-category/freedom-of-information,"Council Offices, Hayfield Road, Chapel-en-le-Frith, High Peak SK23 0QJ"
Highland Council,Council (Borough/Disctrict/City),foi@highland.gov.uk,http://www.highland.gov.uk/yourcouncil/accesstoinformation/freedomofinformation/,"Council Offices, Glenurquhart Road, Inverness IV3 5NX"
Hinckley & Bosworth District Council,Council (Borough/Disctrict/City),access2info@hinckley-bosworth.gov.uk,http://www.hinckley-bosworth.gov.uk/site/scripts/services_info.php?serviceID=147,"Council Offices, Argents Mead, Hinckley LE10 1BZ"
Horsham District Council,Council (Borough/Disctrict/City),foi@horsham.gov.uk,http://www.horsham.gov.uk/council/7914.aspx,"Park House, North Street, Horsham, West Sussex RH12 1RL"
Hull City Council,Council (Borough/Disctrict/City),Information@hullcc.gov.uk,"http://www.hullcc.gov.uk/portal/page?_pageid=221,52569&_dad=portal&_schema=PORTAL","The Guildhall, Alfred Geddar Street, Kingston upon Hull HU1 2AA"
Huntingdonshire District Council,Council (Borough/Disctrict/City),freedomofinformation2@huntsdc.gov.uk,http://www.huntingdonshire.gov.uk/Councils%20and%20Democracy/Freedom%20of%20Information/Pages/default.aspx,"Pathfinder House, St Mary's Street, Huntingdon PE29 3TN"
Hyndburn Borough Council,Council (Borough/Disctrict/City),foi@hyndburnbc.gov.uk,http://www.hyndburnbc.gov.uk/site/scripts/services_info.php?serviceID=202,"Main Office, Scaitcliffe House, Ormerod Street, Accrington BB5 0PF"
Inverclyde Council,Council (Borough/Disctrict/City),foi@inverclyde.gov.uk ,http://www.inverclyde.gov.uk/council-and-government/data-protection-and-freedom-of-information/,"Municipal Buildings, 24 Clyde Square, Greenoch PA15 1LY"
Ipswich Borough Council,Council (Borough/Disctrict/City),foi@ipswich.gov.uk,http://www.ipswich.gov.uk/site/scripts/documents_info.php?documentID=248,"Civic Centre, Civic Drive, Ipswich IP1 2EE"
Isle of Anglesey Council,Council (Borough/Disctrict/City),legalpolicy@anglesey.gov.uk,http://www.anglesey.gov.uk/council-and-democracy/data-protection-and-foi/,"Swyddfar Sir, Llangefni, Ynys Mon LL77 7TW"
Isle of Wight Council,Council (Borough/Disctrict/City),information@iow.gov.uk,http://www.iwight.com/foi/,"County Hall, Newport, Isle of Wight PO30 1UD"
Isle of Wight Council,,https://www.iwight.com/Council/OtherServices/Freedom-of-Information-Requests/FOI,,
Kent County Council,Council (Borough/Disctrict/City),freedomofinformation@kent.gov.uk,http://www.kent.gov.uk/your_council/contact_us/access_to_information/freedom_of_information.aspx,"County Hall, County Road, Maidstone ME14 1XQ"
Kettering Borough Council,Council (Borough/Disctrict/City),foi@kettering.gov.uk,http://www.kettering.gov.uk/a_to_z/service/639/freedom_of_information,"Council Offices, Bowling Green Road, Kettering NN15 7QX"
King's Lynn & West Norfolk Borough Council,Council (Borough/Disctrict/City),foi@west-norfolk.gov.uk,http://www.west-norfolk.gov.uk/default.aspx?page=24910,"Kings Court, Chapel Street, Kings Lynn PE30 1EX"
Kirklees Metropolitan Borough Council,Council (Borough/Disctrict/City),freedom.info@kirklees.gov.uk,http://www2.kirklees.gov.uk/you-kmc/foi/pubscheme/pubscheme.asp,"Civic Centre 1, High Street, Huddersfield HD1 2PQ"
Knowsley Metropolitan Borough,Council (Borough/Disctrict/City),foi@knowsley.gov.uk,http://www.knowsley.gov.uk/your-council/freedom-of-information.aspx,"Municipal Buildings, Huyton, Knowsley L36 9YU"
Lancashire County Council,Council (Borough/Disctrict/City),freedomofinformation@lancashire.gov.uk,http://www3.lancashire.gov.uk/corporate/atoz/a_to_z/service.asp?u_id=3389&tab=1,"County Hall, Preston PR1 8XJ"
Lancaster City Council,Council (Borough/Disctrict/City),info@lancaster.gov.uk,http://www.lancaster.gov.uk/council-and-democracy/freedom-of-information/,"Town Hall, Dalton Square, Lancaster LA1 1PJ"
Larne Borough Council,Council (Borough/Disctrict/City),mcdonalds@larne.gov.uk,http://www.larne.gov.uk/template1.asp?pid=812&area=2&text=1,"Council Offices, Smiley Buildings, Victoria Road, Larne BT40 1RU"
Leeds City Council,Council (Borough/Disctrict/City),dpfoi@leeds.gov.uk,http://www.leeds.gov.uk/council/Pages/Freedom-of-Information-Act-2000.aspx,"Civic Hall, Calverley Street, Leeds LS1 1UR"
Leicester City Council,Council (Borough/Disctrict/City),info.requests@leicester.gov.uk,http://www.leicester.gov.uk/your-council-services/council-and-democracy/data-protection-and-foi/freedom-of-information/,"New Walk Centre, Welford Place, Leicester LE1 6ZG"
Leicestershire County Council,Council (Borough/Disctrict/City),foi@leics.gov.uk,http://www.leics.gov.uk/service.htm?initial=A&pid=722,"County Hall, Leicester Road, Glenfield, Leicester LE3 8RP"
Lewes District Council,Council (Borough/Disctrict/City),foi@lewes.gov.uk,http://www.lewes.gov.uk/council/477.asp,"Lewes House, 32 High Street, Lewes BN7 2LX"
Lichfield District Council,Council (Borough/Disctrict/City),foi@lichfielddc.gov.uk,http://www.lichfielddc.gov.uk/pid/722,"District Council House, Frog Lane, Lichfield WS13 6YY"
Lincoln City Council,Council (Borough/Disctrict/City),legal@lincoln.gov.uk,http://www.lincoln.gov.uk/your-council/data-transparency/freedom-of-information/requesting-information-through-the-freedom-of-information-act/111290.article,"City Hall, Beaumont Fee, Lincoln LN1 1DD"
Lincolnshire County Council,Council (Borough/Disctrict/City),foi@lincolnshire.gov.uk,http://www.lincolnshire.gov.uk/local-democracy/information-governance/freedom-of-information/,"County Offices, Newland, Lincoln LN1 1YL"
Lisburn & Castlereagh City Council,Council (Borough/Disctrict/City),foi@lisburncastlereagh.gov.uk,http://www.lisburncity.gov.uk/your-city-council/freedom-of-information/,Lagan Valley Island Island Civic Centre The Island Lisburn Co. Antrim BT27 4RL
Liverpool City Council,Council (Borough/Disctrict/City),informationrequests@liverpool.gov.uk,http://liverpool.gov.uk/council/data-protection-and-freedom-of-information/freedom-of-Information/,"Municipal Buildings, Dale Street, Liverpool L2 2DH"
London Borough of Barking & Dagenham,Council (Borough/Disctrict/City),foi@lbbd.gov.uk,http://www.lbbd.gov.uk/CouncilandDemocracy/foi/Pages/Home.aspx,"Civic Centre, Dagenham RM10 7BN"
London Borough of Barnet,Council (Borough/Disctrict/City),foi@barnet.gov.uk,http://www.barnet.gov.uk/info/722/freedom_of_information_act/188/freedom_of_information_act,"The Town Hall, The Burroughs, London NW4 4BG"
London Borough of Bexley,Council (Borough/Disctrict/City),foi@bexley.gov.uk,http://www.bexley.gov.uk/index.aspx?articleid=414,"Bexley Civic Offices, Broadway, Bexleyheath, Kent DA6 7LB"
London Borough of Brent,Council (Borough/Disctrict/City),foi@brent.gov.uk,http://www.brent.gov.uk/home.nsf/Special%20structure/LBB-706,"Town Hall, Forty Lane, Wembley, Middlesex HA9 9HD"
London Borough of Bromley,Council (Borough/Disctrict/City),data.protection@bromley.gov.uk,http://www.bromley.gov.uk/info/200031/data_protection_and_freedom_of_information/727/freedom_of_information,"Civic Centre, Stockwell Close, Bromley BR1 3UH"
London Borough of Camden,Council (Borough/Disctrict/City),foi@camden.gov.uk,http://www.camden.gov.uk/ccm/content/council-and-democracy/publications-and-finances/freedom-of-information-publication-scheme/how-to-make-a-freedom-of-information-request.en;jsessionid=8A026D9E34883B7838F85C0CF07D80C8,"Town Hall, Judd Street, London WC1H 9JE"
London Borough of Croydon,Council (Borough/Disctrict/City),FOI@croydon.gov.uk,http://www.croydon.gov.uk/democracy/data-protection-freedom-information/foiact/,"Taberner House, Park Lane, Croydon CR9 3JS"
London Borough of Ealing,Council (Borough/Disctrict/City),foirequests@ealing.gov.uk,http://www.ealing.gov.uk/info/100004/council_and_democracy/578/freedom_of_information,"Perceval House, 14/16 Uxbridge Road, Ealing, London W5 2HL"
London Borough of Enfield,Council (Borough/Disctrict/City),complaintsandinformation@enfield.gov.uk,https://www.enfield.gov.uk/forms/form/42/freedom_of_information_act-making_a_request,"Civic Centre, Silver Street, Enfield, London EN1 3XY"
London Borough of Greenwich,Council (Borough/Disctrict/City),foi@royalgreenwich.gov.uk,http://www.royalgreenwich.gov.uk/info/722/freedom_of_information/795/access_to_information,"Town Hall, Wellington Street, Woolwich, London SE18 6PW"
London Borough of Hackney,Council (Borough/Disctrict/City),informationmanagement@hackney.gov.uk,http://www.hackney.gov.uk/making-a-freedom-of-information-request.htm,"Town Hall, Mare Street, London E8 1EA"
London Borough of Hammersmith & Fulham,Council (Borough/Disctrict/City),handfintouch@lbhf.gov.uk,http://www.lbhf.gov.uk/Directory/Links/33620_Freedom_of_Information_Service.asp,"Town Hall, King Street, London W6 9JU"
London Borough of Haringey,Council (Borough/Disctrict/City), foi@haringey.gov.uk,http://www.haringey.gov.uk/index/council/publications/foi.htm,"Civic Centre, High Road, London N22 8LE"
London Borough of Harrow,Council (Borough/Disctrict/City),harrow@icaseworkmail.com,http://www.harrow.gov.uk/contact,"Civic Centre, Station Road, London HA1 2XF"
London Borough of Havering,Council (Borough/Disctrict/City),accessinfo@havering.gov.uk,http://www.havering.gov.uk/Pages/Services/Freedom-of-Information-advice.aspx,"Town Hall, Main Road, Romford RM1 3BB"
London Borough of Hillingdon,Council (Borough/Disctrict/City),foi@hillingdon.gov.uk,http://www.hillingdon.gov.uk/foi,"Civic Centre, High Street, Uxbridge UB8 1UW"
London Borough of Hounslow,Council (Borough/Disctrict/City),foi@hounslow.gov.uk,http://www.hounslow.gov.uk/index/council_and_democracy/foi.htm,"Civic Centre, Lampton Road, Hounslow, Middlesex TW3 4DN"
London Borough of Islington,Council (Borough/Disctrict/City),foia@islington.gov.uk,http://www.islington.gov.uk/about/Pages/legal-information.aspx,"Town Hall, Upper Street, London N1 2UD"
London Borough of Lambeth,Council (Borough/Disctrict/City),foi@lambeth.gov.uk,http://www.lambeth.gov.uk/Services/CouncilDemocracy/DataProtectionFOI/FreedomOfInformation.htm,"Town Hall, Brixton Hill, London SW2 1RW"
London Borough of Lewisham,Council (Borough/Disctrict/City),freedom.information@lewisham.gov.uk,http://www.lewisham.gov.uk/mayorandcouncil/aboutthecouncil/FOI/freedom-of-information-act/Pages/default.aspx,"Lewisham Town Hall, Rushey Green, London SE6 4RU"
London Borough of Merton,Council (Borough/Disctrict/City),foi@merton.gov.uk,http://www.merton.gov.uk/council/dp-foi/foi.htm,"Civic Centre, London Road, Morden SM4 5DX"
London Borough of Newham,Council (Borough/Disctrict/City), information.governance@newham.gov.uk,http://www.newham.gov.uk/yourcouncil/freedomofinformation/,"Town Hall, Barking Road, East Ham, London E6 2RP"
London Borough of Redbridge,Council (Borough/Disctrict/City),data.protection@redbridge.gov.uk,http://www2.redbridge.gov.uk/cms/the_council/about_the_council/freedom_of_information.aspx,"Town Hall, 128-142 High Road, Ilford IG1 1DD"
London Borough of Richmond upon Thames,Council (Borough/Disctrict/City),foi@richmond.gov.uk,http://www.richmond.gov.uk/home/council_government_and_democracy/data_protection_and_freedom_of_information/freedom_of_information.htm,"Civic Centre, 44 York Street, Twickenham TW1 3AA"
London Borough of Southwark,Council (Borough/Disctrict/City),accessinfo@southwark.gov.uk,http://www.southwark.gov.uk/foi,"Town Hall, Peckham Road, London SE5 8UB"
London Borough of Sutton,Council (Borough/Disctrict/City),FOI@sutton.gov.uk,https://www.sutton.gov.uk/index.aspx?articleid=6281,"Civic Offices, St Nicholas Way, Sutton SM1 1EA"
London Borough of Tower Hamlets,Council (Borough/Disctrict/City),foi@towerhamlets.gov.uk,http://www.towerhamletshomes.org.uk/top_level/about_us/freedom_of_information.aspx,"Town Hall, Mulberry Place, 5 Clove Crescent, London E14 2BG"
London Borough of Waltham Forest,Council (Borough/Disctrict/City),Information.Officer@walthamforest.gov.uk,http://www.walthamforest.gov.uk/pages/services/foi.aspx,"Town Hall, Forest Road, Walthamstow, London E17 4JF"
London Borough of Wandsworth,Council (Borough/Disctrict/City),foi@wandsworth.gov.uk,http://www.wandsworth.gov.uk/info/200031/data_protection_and_freedom_of_information/509/freedom_of_information_act,"Town Hall, Wandsworth High Street, London SW18 2PU"
Luton Borough Council,Council (Borough/Disctrict/City),FOI@luton.gov.uk,http://www.luton.gov.uk/council_government_and_democracy/data_protection_and_freedom_of_information/freedom_of_information/Pages/default.aspx,"Town Hall, George Street, Luton LU1 2BQ"
Maidstone Borough Council,Council (Borough/Disctrict/City),foi@maidstone.gov.uk,http://www.maidstone.gov.uk/advice_and_benefits/data_protection_and_foi.aspx,"Council Offices, 13 Tonbridge Road, Maidstone ME16 8HG"
Maldon District Council,Council (Borough/Disctrict/City),contact@maldon.gov.uk,http://www.maldon.gov.uk/info/722/freedom_of_information-advice/57/freedom_of_information_act_2000,"Council House, Princes Road, Maldon, Essex CM9 5DL"
Malvern Hills District Council,Council (Borough/Disctrict/City),foi@malvernhills.gov.uk ,http://www.malvernhills.gov.uk/cms/council-and-democracy/transparency-and-foi/freedom-of-information.aspx,"Council House, Avenue Road, Malvern WR14 3AF"
Manchester City Council,Council (Borough/Disctrict/City),informationcompliance@manchester.gov.uk,http://www.manchester.gov.uk/info/200031/data_protection_and_freedom_of_information/1322/freedom_of_information/1,"Town Hall, Albert Square, Manchester M60 2LA"
Mansfield District Council,Council (Borough/Disctrict/City),mdcfoi@ashfield.gov.uk,http://www.mansfield.gov.uk/index.aspx?articleid=1431,"Civic Centre, Chesterfield Road South, Mansfield NG19 7BH"
Medway Council,Council (Borough/Disctrict/City),freedom@medway.gov.uk,http://www.medway.gov.uk/councilanddemocracy/performanceandpolicy/freedomofinformationact.aspx,"Civic Centre, Strood, Rochester ME2 4AU"
Melton Borough Council,Council (Borough/Disctrict/City),contactus@melton.gov.uk,"http://www.melton.gov.uk/council_and_democracy/data_protection,_foi_and_psi/freedom_of_information_foi.aspx","Council Offices, Nottingham Road, Melton Mowbray LE13 0UL"
Mendip District Council,Council (Borough/Disctrict/City),customerservices@mendip.gov.uk,http://www.mendip.gov.uk/Category.asp?cat=151,"Council Offices, Cannard Grave Road, Shepton Mallet, Somerset BA4 5BT"
Merthyr Tydfil Council,Council (Borough/Disctrict/City),FOI@merthyr.gov.uk,http://www.merthyr.gov.uk/English/CouncilAndDemocracy/DataProtectionAndFreedomOfInformation/Pages/FreedomOfInformationAdvice.aspx,"Civic Centre, Castle Street, Merthyr Tydfil CF47 8AN"
"Mid & East Antrim (covers Ballymena, Carrickfergus and Larne) ",Council (Borough/Disctrict/City),FOI@midandeastantrim.gov.uk,https://www.midandeastantrim.gov.uk/,
Mid Devon District Council,Council (Borough/Disctrict/City),foi@middevon.gov.uk,http://www.middevon.gov.uk/index.aspx?articleid=191,"The Great House, 1 St Peter Street, Tiverton EX16 6NY"
Mid Suffolk District Council,Council (Borough/Disctrict/City),freedom@midsuffolk.gov.uk,http://www.midsuffolk.gov.uk/council-business/council-and-democracy/your-right-to-information/freedom-of-information/,"Council Offices, 131 High Street, Needham Market IP6 8DL"
Mid Sussex District Council,Council (Borough/Disctrict/City),foi@midsussex.gov.uk,http://www.midsussex.gov.uk/6559.htm,"Council Offices, Oaklands, Oaklands Road, Haywards Heath RH16 1SS"
Mid Ulster Council,Council (Borough/Disctrict/City),info@midulstercouncil.org,http://www.midulstercouncil.org/Council/Freedom-of-Information,
Mid Ulster Council,,info@midulstercouncil.org,http://www.midulstercouncil.org/Council/Freedom-of-Information,
Middlesbrough Borough Council,Council (Borough/Disctrict/City),foi@middlesbrough.gov.uk,http://www.middlesbrough.gov.uk/index.aspx?articleid=1991,"Town Hall, Middlesbrough TS1 2QQ"
Midlothian Council,Council (Borough/Disctrict/City),foi@midlothian.gov.uk,http://www.midlothian.gov.uk/info/695/about_us/691/freedom_of_information,"Midlothian House, Buccleuch Street, Dalkeith EH22 1DJ"
Milton Keynes Council,Council (Borough/Disctrict/City),foia@Milton-keynes.gov.uk,http://www.milton-keynes.gov.uk/foi/,"Civic Offices, 1 Saxon Gate East, Silbury Boulevard, Milton Keynes MK9 3EJ"
Mole Valley Council,Council (Borough/Disctrict/City),foi@molevalley.gov.uk,http://www.molevalley.gov.uk/index.cfm?Articleid=9107,"Pippbrook, Dorking, Surrey RH4 1SJ"
Monmouthshire Council,Council (Borough/Disctrict/City),foi@monmouthshire.gov.uk,http://www.monmouthshire.gov.uk/725/,"County Hall, Cwmbran NP44 2XH"
Moray Council,Council (Borough/Disctrict/City),info@moray.gov.uk,http://www.moray.gov.uk/moray_standard/page_53728.html,"Council Offices, High Street, Elgin IV30 1BX"
Moyle District Council,Council (Borough/Disctrict/City),foi@moyle-council.org,http://www.moyle-council.org/content/?id=124&l1id=47,"Council Offices, Sheskburn House, 7 Mary Street, Ballycastle BT54 6QH"
Neath Port Talbot Council,Council (Borough/Disctrict/City),foi@npt.gov.uk,http://www.npt.gov.uk/default.aspx?page=928,"Civic Centre, Port Talbot SA13 1PJ"
New Forest District Council,Council (Borough/Disctrict/City),FOI@nfdc.gov.uk,http://www.newforest.gov.uk/index.cfm?articleid=8358,"Appletree Court, Lyndhurst, Hants SO43 7PA"
Newark and Sherwood District Council,Council (Borough/Disctrict/City),freedom@nsdc.info,http://www.newark-sherwooddc.gov.uk/yourcouncil/makingarequestforinformation/,"Kelham Hall, Kelham, Newark NG23 5QX"
Newcastle upon Tyne City Council,Council (Borough/Disctrict/City),freedomofinformation@newcastle.gov.uk,http://www.newcastle.gov.uk/your-council/freedom-information/how-request-information,"Civic Centre, Barras Bridge, Newcastle upon Tyne NE99 1RD"
Newcastle-under-Lyme Council,Council (Borough/Disctrict/City),freedom.information@newcastle-staffs.gov.uk,http://www.newcastle-staffs.gov.uk/advice_index.asp?id=SX99A8-A780B679&cat=1151,"Civic Offices, Merrial Street, Newcastle-under-Lyme ST5 2AG"
Newport Council,Council (Borough/Disctrict/City),info@newport.gov.uk,http://services.newport.gov.uk/a_to_z/service/174/freedom_of_information,"Civic Centre, Newport NP20 4UR"
Newry and Mourne District Council,Council (Borough/Disctrict/City),info@nmandd.org,http://www.newryandmourne.gov.uk/foi.aspx,"Council Offices, Monaghan Row, Newry BT35 8DJ"
Newtownabbey Borough Council,Council (Borough/Disctrict/City),hmcbride@newtownabbey.gov.uk,http://www.newtownabbey.gov.uk/council/foi/default.asp,"Newtownabbey Borough Council Mossley Mill, Newtownabbey BT36 5QA"
Norfolk County Council,Council (Borough/Disctrict/City),information.management@norfolk.gov.uk,http://www.norfolk.gov.uk/Council_and_democracy/Freedom_of_information/index.htm,"County Hall, Martineau Lane, Norwich NR1 2DH"
North Ayrshire Council,Council (Borough/Disctrict/City),FOI@north-ayrshire.gov.uk,http://www.north-ayrshire.gov.uk/CouncilAndGovernment/DataProtectionAndFreedomOfInformation/FreedomOfInformation.aspx,"Cunninghame House, Irvine KA12 8EE"
North Devon District Council,Council (Borough/Disctrict/City),legalservices@northdevon.gov.uk,http://www.northdevon.gov.uk/index/lgcl_council_government_and_democracy/lgcl_councils/lgcl_data_protection_and_freedom_of_information/lgcl_freedom_of_information.htm,"Civic Centre, North Walk, Barnstaple EX31 1EA"
North Dorset District Council,Council (Borough/Disctrict/City),foi@north-dorset.gov.uk,http://www.dorsetforyou.com/foi,"Council Offices, Nordon, Salisbury Road, Blandford Forum DT11 7LL"
North East Derbyshire,Council (Borough/Disctrict/City),foi@ne-derbyshire.gov.uk,http://www.ne-derbyshire.gov.uk/council-democracy/data-foi/freedom-of-information/,"Council Offices, Saltergate, Chesterfield S40 1LF"
North East Lincolnshire Council,Council (Borough/Disctrict/City),FOI@nelincs.gov.uk,http://www.nelincs.gov.uk/council/the-council-as-an-organisation/freedom-of-information/,"Municipal Offices, Town Hall Square, Grimsby DN31 1HU"
North Hertfordshire District Council,Council (Borough/Disctrict/City),service@north-herts.gov.uk,http://www.north-herts.gov.uk/freedom_of_information,"Council Offices, Gernon Road, Letchworth Garden City SG6 3JF"
North Kesteven District Council,Council (Borough/Disctrict/City),FOI@n-kesteven.gov.uk,http://www.n-kesteven.gov.uk/your-council/your-council-facts-and-figures/council-spending/council-transparency/,"P O Box 3, Kesteven Street, Sleaford NG34 7EF"
North Lanarkshire Council,Council (Borough/Disctrict/City),foirequest@northlan.gov.uk,http://www.northlanarkshire.gov.uk/index.aspx?articleid=13100,"Civic Centre, Motherwell ML1 1TW"
North Lincolnshire Council,Council (Borough/Disctrict/City),customerservice@northlincs.gov.uk,http://www.northlincs.gov.uk/a-z-of-services/f/freedom-of-information/,"Pittwood House, Ashby Road, Scunthorpe DN16 1AB"
North Norfolk District Council,Council (Borough/Disctrict/City),freedom.information@north-norfolk.gov.uk,http://www.northnorfolk.org/council/790.asp,"Council Offices, Holt Road, Cromer NR27 9EN"
North Somerset Council,Council (Borough/Disctrict/City),FoI@n-somerset.gov.uk,http://www.n-somerset.gov.uk/Your+Council/Freedom+of+information/,"Town Hall, Walliscote Grove Road, Weston-super-Mare BS23 1UJ"
North Tyneside Council,Council (Borough/Disctrict/City),foiofficer@northtyneside.gov.uk,http://www.northtyneside.gov.uk/browse.shtml?p_subjectCategory=667,"Town Hall, High Street East, Wallsend NE28 7RR"
North Warwickshire Borough Council,Council (Borough/Disctrict/City),foirequests@northwarks.gov.uk,http://www.northwarks.gov.uk/info/200162/data_protection_freedom_of_information_etc/131/freedom_of_information_act-foi,"The Council House,South Street, Atherstone CV9 1BD"
North West Leicestershire,Council (Borough/Disctrict/City),foi@nwleicestershire.gov.uk,http://www.nwleics.gov.uk/pages/freedom_of_information_advice,"Council Offices, Coalville, Leicestershire LE67 3FJ"
North Yorkshire County Council,Council (Borough/Disctrict/City),infogov@northyorks.gov.uk,http://www.northyorks.gov.uk/index.aspx?articleid=2910,"County Hall, Northallerton, North Yorks DL7 8AD"
Northampton Borough Council,Council (Borough/Disctrict/City),requests@northampton.gov.uk,http://www.northampton.gov.uk/info/200031/data_protection_and_freedom_of_information,"The Guildhall, St Giles Square, Northampton NN1 1DE"
Northamptonshire County Council,Council (Borough/Disctrict/City),FreedomofInformation@northamptonshire.gov.uk,http://www.northamptonshire.gov.uk/en/councilservices/council/transparency/pages/foirequests.aspx,"County Hall, Northampton NN1 1DN"
Northumberland County Council,Council (Borough/Disctrict/City),FOI@Northumberland.gov.uk,http://www.northumberland.gov.uk/default.aspx?page=389,"County Hall, Morpeth, Northumberland NE61 2EF"
Norwich City Council,Council (Borough/Disctrict/City),foi-queries@norwich.gov.uk,http://www.norwich.gov.uk/YourCouncil/pages/FreedomOfInformation.aspx,"City Hall, St Peters Street, Norwich NR2 1NH"
Nottingham City Council,Council (Borough/Disctrict/City),foi@nottinghamcity.gov.uk,http://nottinghamcity.gov.uk/index.aspx?articleid=872,"The Guildhall, Burton Street, Nottingham NG1 4BT"
Nottinghamshire County Council,Council (Borough/Disctrict/City),FOI@nottscc.gov.uk,http://cms.nottinghamshire.gov.uk/home/your_council/accesstoinfo-foi/foi-freedomofinformation.htm,"County Hall, West Bridgford, Nottingham NG2 7QP"
Nuneaton & Bedworth,Council (Borough/Disctrict/City),customer.services@nuneatonandbedworth.gov.uk,http://www.nuneatonandbedworth.gov.uk/info/200162/data_protection_and_freedom_of_information/158/freedom_of_information,"Town Hall, Coton Road, Nuneaton CV11 5AA"
Oadby & Wigston District Council,Council (Borough/Disctrict/City),foi@oadby-wigston.gov.uk,http://www.oadby-wigston.gov.uk/pages/freedom_of_information,"Council Offices, Bushloe House, Station Road, Wigston, Leicester LE18 2DR"
Oldham Metropolitan Borough Council,Council (Borough/Disctrict/City),information.manager@oldham.gov.uk,http://www.oldham.gov.uk/info/200148/data_protection_and_freedom_of_information/633/freedom_of_information,"Civic Centre, West Street, Oldham OL1 1UG"
Omagh District Council,Council (Borough/Disctrict/City),info@omagh.gov.uk ,,"Council Offices, The Grange, Mountjoy Road, Omagh BT79 7BL"
Orkney Islands Council,Council (Borough/Disctrict/City),foi@orkney.gov.uk,http://www.orkney.gov.uk/Council/F/Freedom-of-Information.htm,"Council Offies, Kirkwall, Orkney KW15 1NY"
Oxford City Council,Council (Borough/Disctrict/City),freedomofinformation@oxford.gov.uk,http://www.oxford.gov.uk/PageRender/decCD/Freedom_of_information_occw.htm,"Town Hall, Blue Boar Street, Oxford OX1 4EY"
Oxfordshire County Council,Council (Borough/Disctrict/City),foi@oxfordshire.gov.uk,http://www.oxfordshire.gov.uk/cms/content/freedom-information,"County Hall, New Road, Oxford OX1 1ND"
Pembrokeshire Council,Council (Borough/Disctrict/City),FOI@pembrokeshire.gov.uk,"http://www.pembrokeshire.gov.uk/content.asp?nav=646,647,660,666&parent_directory_id=646&id=6867&language=","County Hall, Haverfordwest SA61 1TP"
Pendle Borough Council,Council (Borough/Disctrict/City),foi@pendle.gov.uk,http://www.pendle.gov.uk/info/722/freedom_of_information-advice/526/freedom_of_information/1,"Town Hall, Market Street, Nelson, Lancashire BB9 7LG"
Perth & Kinross Council,Council (Borough/Disctrict/City),foi@pkc.gov.uk,http://www.pkc.gov.uk/Council+and+government/Data+protection+and+freedom+of+information/Freedom+of+Information/Freedom+of+Information.htm,"Council Buildings, 2 High Street, Perth PH1 5PH"
Peterborough City Council,Council (Borough/Disctrict/City),foi@peterborough.gov.uk,http://www.peterborough.gov.uk/council_and_democracy/freedom_of_information/foi_disclosure_log.aspx,"Town Hall, Bridge Street, Peterborough PE1 1HG"
Plymouth City Council,Council (Borough/Disctrict/City),customerrelationsteam@plymouth.gov.uk,http://www.plymouth.gov.uk/generalinfo,"Civic Centre, Armada Way, Plymouth PL1 2EW"
Poole Borough Council,Council (Borough/Disctrict/City),information@poole.gov.uk,http://www.boroughofpoole.com/your-council/data-protection-and-foi/freedom-of-information-act/,"Civic Centre, Poole, Dorset BH15 2RU"
Portsmouth City Council,Council (Borough/Disctrict/City),foi@portsmouthcc.gov.uk,http://www.portsmouth.gov.uk/yourcouncil/1575.html,"Civic Offices, Guildhall Square, Portsmouth PO1 2BG"
Powys County Council,Council (Borough/Disctrict/City),foi.queries@powys.gov.uk,http://www.powys.gov.uk/index.php?id=3631&L=0,"County Hall, Llandrindod Wells, Powys LD1 5LG"
Preston City Council,Council (Borough/Disctrict/City),foi@preston.gov.uk,https://forms.preston.gov.uk/ShowForm.asp?fm_fid=79,"Town Hall, Lancaster Road, Preston, Lancashire PR1 2RL"
Reading Borough Council,Council (Borough/Disctrict/City),CRT.FOI@reading.gov.uk,http://www.reading.gov.uk/freedom-of-information/,"Civic Centre, Reading RG1 7TD"
Redcar and Cleveland,Council (Borough/Disctrict/City),information_security@redcar-cleveland.gov.uk,http://www.redcar-cleveland.gov.uk/rcbcweb.nsf/web+full+list/d4873e50f5c5bc9e80256c6e0048bdf1,"Town Hall, Fabian Road, South Bank TS6 1SF"
Redditch Borough Council,Council (Borough/Disctrict/City),foi@redditchbc.gov.uk,http://redditch.whub.org.uk/cms/about-your-redditch/access-to-information/freedom-of-information.aspx,"Town Hall, Alcester Street, Redditch B98 8AH"
Reigate and Banstead Borough Council,Council (Borough/Disctrict/City),information.officer@reigate-banstead.gov.uk,http://www.reigate-banstead.gov.uk/council_and_democracy/about_the_council/access_to_information/freedom_of_information_act_2000/index.asp,"Town Hall, Castlefield Road, Reigate, Surrey RH2 0SH"
Renfrewshire Council,Council (Borough/Disctrict/City),foi@renfrewshire.gov.uk,http://www.renfrewshire.gov.uk/webcontent/home/services/council+and+government/data+protection+and+freedom+of+information/cs-foi,"Council Headquarters, North Buildings, Cotton Street, Paisley PA1 1BU"
Rhondda Cynon Taf County Borough Council,Council (Borough/Disctrict/City),FreedomOfInformation@rhondda-cynon-taff.gov.uk,http://www.rctcbc.gov.uk/en/councildemocracy/dataprotectionfreedomofinformation/freedomofinformationact/freedomofinformationact.aspx,"The Pavilions, Cambrian Park, Clydach Vale CF40 2XX"
Ribble Valley Borough Council,Council (Borough/Disctrict/City),katharine.collinge@ribblevalley.gov.uk,http://www.ribblevalley.gov.uk/site/scripts/documents_info.php?documentID=1056&pageNumber=2,"Council Offices, Church Walk, Clitheroe, Lancashire BB7 2RA"
Richmondshire,Council (Borough/Disctrict/City),requestinformation@richmondshire.gov.uk,http://www.richmondshire.gov.uk/your-council/access-to-information/freedom-of-information.aspx,"Swale House, Frenchgate, Richmond, North Yorkshire, DL10 4JE DL10 4JE"
Rochdale Metropolitan Borough Council,Council (Borough/Disctrict/City),FOI@rochdale.gov.uk,http://www.rochdale.gov.uk/about_the_council/_more_on_about_the_council/data_protection_and_foi/freedom_of_information_-_advic.aspx,"P O Box 39, Municipal Offices, Smith Street, Rochdale OL16 1LQ"
Rochford District Council,Council (Borough/Disctrict/City),information@rochford.gov.uk,http://www.rochford.gov.uk/council_and_democracy/freedom_of_information,"Council Offices, South Street, Rochford SS4 1BW"
Rossendale,Council (Borough/Disctrict/City),foi@rossendalebc.gov.uk,http://www.rossendale.gov.uk/info/200031/data_protection_and_freedom_of_information/321/freedom_of_information_and_data_protection,"Town Hall, Rawtenstall, Rossendale, Lancashire BB4 7LZ"
Rother District Council,Council (Borough/Disctrict/City),foi@rother.gov.uk,https://www.rother.gov.uk/foi,"Town Hall, Bexhill-on-Sea, East Sussex TN39 3JX"
Rotherham Metropolitan Borough Council,Council (Borough/Disctrict/City),freedomofinformation@rotherham.gov.uk,http://www.rotherham.gov.uk/info/200031/data_protection_and_freedom_of_information,"The Town Hall, The Crofts, Moorgate Street, Rotherham, South Yorkshire S60 2TH"
Royal Borough of Kensington & Chelsea,Council (Borough/Disctrict/City),foi@rbkc.gov.uk,http://www.rbkc.gov.uk/councilanddemocracy/freedomofinformation.aspx,"Town Hall, Horton Street, London W8 7NX"
Royal Borough of Kingston upon Thames,Council (Borough/Disctrict/City),foi@kingston.gov.uk,http://www.kingston.gov.uk/information/your_council/foi.htm,"Guildhall, 2 High Street, Kingston upon Thames KT1 1EU"
Royal Borough of Windsor and Maidenhead,Council (Borough/Disctrict/City),foi@rbwm.gov.uk,http://www.rbwm.gov.uk/web/foi_publication_scheme.htm,"Town Hall, St Ives Road, Maidenhead SL6 1RF"
Rugby Borough Council,Council (Borough/Disctrict/City),contactcentre@rugby.gov.uk,http://www.rugby.gov.uk/site/scripts/documents_info.php?documentID=913&categoryID=200162,"Town Hall, Evreux Way, Rugby, Warwicks CV21 2LB"
Runnymede Borough Council,Council (Borough/Disctrict/City),foi@runnymede.gov.uk,http://www.runnymede.gov.uk/portal/site/runnymede/menuitem.d65dda81bb2297c2fe138e11af8ca028/,"Civic Offices, Station Road, Addlestone, Surrey KT15 2AH"
Rushcliffe Council,Council (Borough/Disctrict/City),customerservices@rushcliffe.gov.uk,http://www.rushcliffe.gov.uk/councilanddemocracy/aboutthecouncil/freedomofinformation/,"Civic Centre, Pavilion Road, West Bridgford, Nottingham NG2 5FE"
Rushmoor Borough Council,Council (Borough/Disctrict/City),foi@rushmoor.gov.uk,http://www.rushmoor.gov.uk/article/1716/Freedom-of-Information,"Council Offices, Farnborough Road, Farnborough GU14 7JU"
Rutland County Council,Council (Borough/Disctrict/City),foi@rutland.gov.uk,http://www.rutland.gov.uk/council_and_democracy/open_data_including_foi__dat/freedom_of_information.aspx,"Council Offices, Catmose, Oakham, Rutland LE15 6HP"
Ryedale District Council,Council (Borough/Disctrict/City),foi@ryedale.gov.uk,http://www.ryedale.gov.uk/council_and_democracy/data_protection_and_foi.aspx,"Rydedale House, Malton, N Yorks YO17 7HH"
Salford City Council,Council (Borough/Disctrict/City),infogovernance@salford.gov.uk,http://www.salford.gov.uk/foi-requestinfo.htm,"Civic Centre, Chorley Road, Swinton, Salford M27 5DA"
Sandwell Metropolitan Borough Council,Council (Borough/Disctrict/City),info_management@sandwell.gov.uk,http://www.sandwell.gov.uk/info/722/freedom_of_information-advice/1068/freedom_of_information,"Council House, Oldbury, West Midlands B69 3DE"
Scarborough Borough Council,Council (Borough/Disctrict/City),foi@scarborough.gov.uk,http://www.scarborough.gov.uk/default.aspx?page=7512,"Town Hall, St Nicholas Street, Scarborough YO11 2HG"
Scottish Borders Council,Council (Borough/Disctrict/City),FOI@scotborders.gov.uk,http://www.scotborders.gov.uk/foi,"Council Headquarters, Newtown St Boswells, Melrose TD6 0SA"
Sedgemoor District Council,Council (Borough/Disctrict/City),foi@sedgemoor.gov.uk,http://www.sedgemoor.gov.uk/index.aspx?articleid=5746,"Bridgwater House, King Square, Bridgwater, Somerset TA6 3AR"
Sefton Metropolitan Borough Council,Council (Borough/Disctrict/City),ino.information@sefton.gov.uk,http://www.sefton.gov.uk/default.aspx?page=3974,"Town Hall, Southport PR8 1DA"
Selby,Council (Borough/Disctrict/City),info@selby.gov.uk,http://www.selby.gov.uk/service_main.asp?id=684&menuid=2,"Civic Centre, Portholme Road, Selby, N Yorks YO8 4SB"
Sevenoaks District Council,Council (Borough/Disctrict/City),foi@sevenoaks.gov.uk,http://www.sevenoaks.gov.uk/council_democracy__local_services/about_the_council/data_protection_and_freedom_of_information/197.asp,"Council Offices, Argyle Road, Sevenoaks, Kent TN13 1HG"
Sheffield City Council ,Council (Borough/Disctrict/City), FOI@sheffield.gov.uk,https://www.sheffield.gov.uk/your-city-council/policy--performance/how-we-will-deliver/other-strategies-plans-and-policies/freedom-of-information.html,"Town Hall, Sheffield S10 5NA"
Shepway District Council ,Council (Borough/Disctrict/City),information.officer@folkestone-hythe.gov.uk,http://www.shepway.gov.uk/content/view/1681/65/,"Civic Centre, Castle Hill Avenue, Folkestone, Kent CT20 2QY"
Shetland Islands Council,Council (Borough/Disctrict/City),administrative.services@shetland.gov.uk ,http://www.shetland.gov.uk/about_freedom_of_information/,"Town Hall, Upper Hillhead, Lerwick, Shetland ZE1 0HB"
Shropshire Council,Council (Borough/Disctrict/City),information.request@shropshire.gov.uk,http://www.shropshire.gov.uk/foi.nsf/open/A795C22D626E3BCF80257083005A086A,"The Shirehall, Abbey Foregate, Shrewsbury SY2 6ND"
Slough Borough Council,Council (Borough/Disctrict/City),foi@slough.gov.uk,http://www.slough.gov.uk/council/data-protection-and-foi/freedom-of-information.aspx,"Town Hall, Bath Road, Slough SL1 3UQ"
Solihull Metropolitan Borough Council,Council (Borough/Disctrict/City),infogov@solihull.gov.uk,http://www.solihull.gov.uk/democracy/freedomofinformation.htm,"P O Box 18, Council House, Solihull B91 3QS"
Somerset County Council,Council (Borough/Disctrict/City),SomersetDirect-FOI@somerset.gov.uk,http://www.somerset.gov.uk/irj/public/services/directory/service?rid=/wpccontent/Sites/SCC/Web%20Pages/Services/Services/Resources/Request%20information%20under%20the%20Freedom%20of%20Information%20Act,"County Hall, Taunton, Somerset TA1 4DY"
South Ayrshire Council,Council (Borough/Disctrict/City),foi@south-ayrshire.gov.uk,http://www.south-ayrshire.gov.uk/foi/,"County Buildings, Wellington Square, Ayr KA7 1DR"
South Bucks District Council,Council (Borough/Disctrict/City),foi@southbucks.gov.uk,http://www.southbucks.gov.uk/council_democracy/data_protection_and_freedom_of_information/freedom_of_information.aspx,"Capswood, Oxford Road, Denham, Bucks UB9 4LH"
South Cambridgeshire,Council (Borough/Disctrict/City),FOI@scambs.gov.uk,http://www.scambs.gov.uk/CouncilandDemocracy/DataProtectionandFreedomofInformation/FreedomofInformationAct/,"South Cambridgeshire Hall, Cambourne Business Park, Cambourne, Cambs CB23 6EA"
South Derbyshire,Council (Borough/Disctrict/City),FOI@south-derbys.gov.uk,http://www.south-derbys.gov.uk/council_and_democracy/data_protection_and_freedom_of_information/default.asp,"Civic Offices, Civic Way, Swadlincote, Derbyshire DE11 0AH"
South Gloucestershire District Council,Council (Borough/Disctrict/City),FreedomOfInformation@southglos.gov.uk,http://www.southglos.gov.uk/Pages/Article%20Pages/Chief%20Executive%20-%20Corporate%20Resources/Legal%20-%20Democratic%20Services/Making-a-freedom-of-information-request.aspx,"The Council Offices, Castle Street, Thornbury BS35 1HF"
South Hams District Council,Council (Borough/Disctrict/City),FOI@southhams.gov.uk,http://www.southhams.gov.uk/ksp-freedom-of-information.htm,"Follaton House, Plymouth Road, Totnes, Devon TQ9 5NE"
South Holland,Council (Borough/Disctrict/City),info@sholland.gov.uk,http://www.sholland.gov.uk/council/informationrights/foi/,"Council Offices, Priory Road, Spalding, Lincs. PE11 2XE"
South Kesteven,Council (Borough/Disctrict/City),foi@southkesteven.gov.uk,http://www.southkesteven.gov.uk/index.aspx?articleid=2110,"Council Offices, St Peter's Hill, Grantham NG31 6PZ"
South Lakeland District Council,Council (Borough/Disctrict/City),foi@southlakeland.gov.uk,http://www.southlakeland.gov.uk/services/council-and-democracy/policies-and-plans/freedom-of-information.aspx,"South Lakeland House, Lowther Street, Kendal, Cumbria LA9 4UF"
South Lanarkshire Council,Council (Borough/Disctrict/City),Foi.reviews@southlanarkshire.gov.uk,https://www.southlanarkshire.gov.uk/forms/form/42/request_for_access_to_information_foi,"Council Offices, Almada Street, Hamilton ML3 0AA"
South Norfolk,Council (Borough/Disctrict/City),right2know@s-norfolk.gov.uk,http://www.south-norfolk.gov.uk/democracy/625.asp,"South Northfolk House, Long Stratton, South Norfolk NR15 2XE"
South Northamptonshire,Council (Borough/Disctrict/City),customerservice@southnorthants.gov.uk,http://www.southnorthants.gov.uk/Servicepage722.htm,"Council Offices, Springfields, Towcester, Northants NN12 6AE"
South Oxfordshire District Council,Council (Borough/Disctrict/City),foi@southoxon.gov.uk,http://www.southoxon.gov.uk/about-us/contact-us/requesting-information/freedom-information,"Council Offices, Crowmarsh, Gifford, Wallingford OX10 8HQ"
South Ribble Borough Council,Council (Borough/Disctrict/City),info@southribble.gov.uk,http://www.southribble.gov.uk/section.asp?catid=722,"Civic Centre, West Paddock, Leyland PR25 1DH"
South Somerset District Council,Council (Borough/Disctrict/City),legal@southsomerset.gov.uk,http://www.southsomerset.gov.uk/about-us/freedom-of-information/,"Council Offices, Brympton Way, Yeovil BA20 2HT"
South Staffordshire,Council (Borough/Disctrict/City),freedomofinformation@sstaffs.gov.uk,http://www.sstaffs.gov.uk/your_council/data_protection_and_freedom_of.aspx,"Council Offices, Codsall, South Staffs WV8 1PX"
South Tyneside Metropolitan Borough Council,Council (Borough/Disctrict/City),foi@southtyneside.gov.uk,http://www.southtyneside.info/article/7864/freedom-of-information-faqs,"Town Hall, Westoe Road, South Shields NE33 2RL"
Southampton City Council,Council (Borough/Disctrict/City),foi.requests@southampton.gov.uk,http://www.southampton.gov.uk/council-partners/accesstoinfo/foi/,"Civic Centre, Southampton SO14 7LX"
Southend-on-Sea Council,Council (Borough/Disctrict/City),SouthendFOIRequests@southend.gov.uk,http://www.southend.gov.uk/info/200031/data_protection_and_freedom_of_information/211/freedom_of_information/1,"Civic Centre, Victoria Avenue, Southend-on-Sea SS2 6ER"
Spelthorne Borough Council,Council (Borough/Disctrict/City),foi@spelthorne.gov.uk,http://www.spelthorne.gov.uk/article/2143,"Council Offices, Knowle Green, Staines, Surrey TW18 1XB"
St Albans City & District Council,Council (Borough/Disctrict/City),foi@stalbans.gov.uk,http://www.stalbans.gov.uk/advice-and-benefits/data-protection/,"Civic Offices, St Peter's Street, St Albans AL1 3JE"
St Helens Borough Council,Council (Borough/Disctrict/City),contactcentre@sthelens.gov.uk,"http://www.sthelens.gov.uk/what-we-do/council,-meetings-and-democracy/freedom-of-information/","Town Hall, Victoria Square, St Helens WA10 1HP"
Stafford Borough Council,Council (Borough/Disctrict/City),foi@staffordbc.gov.uk,http://www.staffordbc.gov.uk/foi,"Civic Offices, Riverside, Stafford ST16 3AQ"
Staffordshire County Council,Council (Borough/Disctrict/City),foi@staffordshire.gov.uk,http://www.staffordshire.gov.uk/yourcouncil/dataprotectionandfreedomofinformation/homepage.aspx,"County Buildings, Martin Street, Stafford ST16 2LH"
Staffordshire Moorlands District Council,Council (Borough/Disctrict/City),foi@staffsmoorlands.gov.uk,http://jadu.staffsmoorlands.gov.uk/site/scripts/documents_info.php?documentID=292,"Moorlands House, Stockwell Street, Leek, Staffs ST13 6HQ"
Stevenage Borough Council,Council (Borough/Disctrict/City),foi@stevenage.gov.uk,http://www.stevenage.gov.uk/about-the-council/access-to-information/18904/,"Daneshill House, Danestrete, Stevenage SG1 1HN"
Stirling Council,Council (Borough/Disctrict/City),FOI@stirling.gov.uk,http://www.stirling.gov.uk/services/council-and-government/data-protection-and-freedom-of-information/freedom-of-information,"Viewforth, 14-20 Pitt Terrace, Stirling FK8 2ET"
Stockport Metropolitan Borough Council,Council (Borough/Disctrict/City),foi.officer@stockport.gov.uk,http://www.stockport.gov.uk/services/councildemocracy/your_council/freedomofinformationdataprotection/foipolicy,"Town Hall, Edward Street, Stockport SK1 3XE"
Stockton-on-Tees Borough Council,Council (Borough/Disctrict/City),FOIandComplaints@stockton.gov.uk,http://www.stockton.gov.uk/yourcouncil/foi/,"Municipal Buildings, Church Road, Stockton-on-Tees TS18 1LD"
Stoke-on-Trent City Council,Council (Borough/Disctrict/City),FOI@stoke.gov.uk,http://www.stoke.gov.uk/ccm/navigation/council-and-democracy/have-your-say/freedom-of-information/,"Civic Centre, Glebe Street, Stoke-on-Trent ST4 1RN"
Strabane District Council,Council (Borough/Disctrict/City),samaxwell@strabanedc.com,http://www.strabanedc.com/council/services/publication-scheme/,"Council Offices, Derry Road, Strabane BT82 8DY"
Stratford-on-Avon,Council (Borough/Disctrict/City),monitoring.officer@stratford-dc.gov.uk,http://www.stratford.gov.uk/council/freedom-of-information.cfm,"Elizabeth House, Church Street, Stratford-upon-Avon CV37 6HX"
Stroud District Council,Council (Borough/Disctrict/City),foi@stroud.gov.uk,http://www.stroud.gov.uk/opendata/foi.asp,"Ebley Mill, Westward Road, Stroud, Glos GL5 4UB"
Suffolk Coastal District Council,Council (Borough/Disctrict/City),foi@eastsuffolk.gov.uk,http://www.eastsuffolk.gov.uk/yourcouncil/access-to-information/freedom-of-information/,"East Suffolk House, Riduna Park, Station Road, Melton, Woodbridge, IP12 1RT. "
Suffolk County Council,Council (Borough/Disctrict/City),information.management@suffolk.gov.uk,http://www.suffolk.gov.uk/about/contact-us/freedom-of-information/,"St Helen Court, County Hall, Ipswich IP4 2JS"
Sunderland City Council,Council (Borough/Disctrict/City),freedom.information@sunderland.gov.uk,http://www.sunderland.gov.uk/index.aspx?articleid=605,"Civic Centre, Burdon Road, Sunderland SR2 7DN"
Surrey County Council,Council (Borough/Disctrict/City),foi@surreycc.gov.uk,http://www.surreycc.gov.uk/your-council/accessing-information-that-we-hold/freedom-of-information,"County Hall, Penrhyn Road, Kingston-on-Thames, Surrey KT1 2DJ"
Surrey Heath Borough Council,Council (Borough/Disctrict/City),foi@surreyheath.gov.uk,http://www.surreyheath.gov.uk/council/informationgovernance/foi.htm,"Surrey Heath House, Knoll Road, Camberley, Surrey GU15 3HD"
Swale Borough Council,Council (Borough/Disctrict/City),foi@swale.gov.uk,http://www.swale.gov.uk/freedom-of-information/,"Swale House, East Street, Sittingbourne, Kent ME10 3HT"
Swindon Borough Council,Council (Borough/Disctrict/City),customerservices@swindon.gov.uk,http://www.swindon.gov.uk/cd/foi/Pages/default.aspx,"Civic Offices, Euclid Street, Swindon SN1 2JH"
Tameside Metropolitan Borough Council,Council (Borough/Disctrict/City),foi@tameside.gov.uk,http://www.tameside.gov.uk/freedomofinformation/publicationscheme,"Council Offices, Wellington Road, Ashton-under-Lyne OL6 6DL"
Tamworth Borough Council,Council (Borough/Disctrict/City),FOImailbox@tamworth.gov.uk,http://www.tamworth.gov.uk/council_and_democracy/freedom_of_information.aspx,"Marmion House, s/b Lichfield St, Tamworth, Staffs B79 7BZ"
Tandridge District Council,Council (Borough/Disctrict/City),freedomofinformation@tandridge.gov.uk,http://www.tandridge.gov.uk/yourcouncil/dataprotectionfreedomofinformation/freedom_of_information.htm,"Council Offices, Station Road East, Oxted, Surrey RH8 0BT"
Taunton Deane Borough Council,Council (Borough/Disctrict/City),FOI-advice@tauntondeane.gov.uk ,http://www.tauntondeane.gov.uk/irj/public/services/directory/service?rid=/guid/e05f4059-5536-2c10-1292-f4923e27cd26,"The Deane House, Belvedere Road, Taunton TA1 1HE"
Teignbridge District Council,Council (Borough/Disctrict/City),foi@teignbridge.gov.uk,http://www.teignbridge.gov.uk/index.aspx?ArticleID=2971,"Forde House, Brunel Road, Newton Abbot TQ12 4XX"
Telford & Wrekin Council,Council (Borough/Disctrict/City),foi@telford.gov.uk ,http://www.telford.gov.uk/info/200031/data_protection_and_freedom_of_information,"Civic Offices, Telford TF3 4LD"
Tendring District Council,Council (Borough/Disctrict/City),CorporateInfoManager@tendringdc.gov.uk,http://www.tendringdc.gov.uk/council/your-right-know/freedom-information-requests-register,"Town Hall, Station Road, Clacton-on-Sea, Essex CO15 1SE"
Test Valley Borough Council,Council (Borough/Disctrict/City),foi@testvalley.gov.uk,http://www.testvalley.gov.uk/aboutyourcouncil/accesstoinformation/freedom-of-information/freedom-information/,"Council Offices, Beech Hurst, Weyhill Road, Andover, Hants SP10 3AJ"
Tewkesbury Borough Council,Council (Borough/Disctrict/City),customerservices@tewkesbury.gov.uk,http://www.tewkesbury.gov.uk/index.cfm?articleid=3402,"Council Offices, Gloucester Road, Tewkesbury, Gloucestershire GL20 5TT"
Thanet District Council,Council (Borough/Disctrict/City),foi@thanet.gov.uk,http://www.thanet.gov.uk/advice__benefits/data_protection_and_foi__eir/freedom_of_information_act.aspx,"Council Offices, Cecil Street, Margate CT9 1XZ"
Three Rivers District Council,Council (Borough/Disctrict/City),foi@threerivers.gov.uk,http://www.threerivers.gov.uk/Default.aspx/Web/FreedomOfInformation,"Three Rivers House, Northway, Rickmansworth, Herts WD3 1RL"
Thurrock Council,Council (Borough/Disctrict/City),information.matters@thurrock.gov.uk,http://www.thurrock.gov.uk/foi/content.php?page=forms_foi,"Civic Offices, New Road, Grays, Essex RM17 6SL"
Tonbridge and Malling Borough Council,Council (Borough/Disctrict/City),foi@tmbc.gov.uk,http://www.tmbc.gov.uk/services/council-and-democracy/data-protection-and-freedom-of-information/freedom-of-information-advice,"Gibson Building, Gibson Drive, Kings Hill, West Malling, Kent ME19 4LZ"
Torbay Council,Council (Borough/Disctrict/City),foi@torbay.gov.uk,http://www.torbay.gov.uk/freedomofinformation,"Civic Offices, Castle Circus, Torquay TQ1 3DR"
Torfaen County Borough,Council (Borough/Disctrict/City),foi@torfaen.gov.uk,http://www.torfaen.gov.uk/en/CouncilDemocracy/DataProtectionFreedomofInformation/FreedomofInformationAct/Freedom-of-Information.aspx,"Civic Centre, Pontypool, Torfaen NP4 6YB"
Torridge District Council,Council (Borough/Disctrict/City),foi@torridge.gov.uk,http://www.torridge.gov.uk/index.aspx?articleid=2104,"Riverbank House, Bideford, Devon EX39 2QG"
Trafford Council,Council (Borough/Disctrict/City),data.protection@trafford.gov.uk,http://www.trafford.gov.uk/councilanddemocracy/dataprotection/freedomofinformation/,"Town Hall, Talbot Road, Stretford, M32 0TH"
Tunbridge Wells Borough Council,Council (Borough/Disctrict/City),foi@tunbridgewells.gov.uk,http://www2.tunbridgewells.gov.uk/default.aspx?page=1809,"Town Hall, Tunbridge Wells, Kent TN1 1RS"
Uttlesford District Council,Council (Borough/Disctrict/City),FOI@uttlesford.gov.uk,http://www.uttlesford.gov.uk/main.cfm?Type=YCFOI&MenuId=288,"Council Offices, London Road, Saffron Walden, Essex CB11 4ER"
Vale of Glamorgan,Council (Borough/Disctrict/City),FoiUnit@valeofglamorgan.gov.uk,http://www.valeofglamorgan.gov.uk/our_council/freedom_of_information.aspx,"Civic Offices, Holton Road, Barry CF63 4RU"
Vale of White Horse District Council,Council (Borough/Disctrict/City),foi@whitehorsedc.gov.uk,http://www.whitehorsedc.gov.uk/about-us/contact-us/requesting-information/freedom-information,"The Abbey House, Abbey Close, Abingdon OX14 3JE"
Wakefield City Metropolitan District Council,Council (Borough/Disctrict/City),freedomofinformation@wakefield.gov.uk,http://www.wakefield.gov.uk/cgi-bin/MsmGo.exe?grab_id=0&page_id=20383&query=freedom%20of%20information&SCOPE=www.wakefield.gov.uk&hiword=FREEDOMS%20INFORMAL%20INFORMATI%20INFORMATIONAL%20INFORMATIVE%20INFORMED%20INFORMING%20INFORMS%20freedom%20information%20of%20,"Town Hall, Wood Street, Wakefield WF1 2HQ"
Walsall Metropolitan Borough Council,Council (Borough/Disctrict/City),foi@walsall.gov.uk,http://cms.walsall.gov.uk/index/council_and_democracy/freedom_of_information.htm,"Civic Centre, Darwall Street, Walsall WS1 1TP"
Warrington Council,Council (Borough/Disctrict/City),foi@warrington.gov.uk,http://www.warrington.gov.uk/info/200353/access_to_information/27/freedom_of_information/3,"Town Hall, Sankey Street, Warrington WA1 1UH"
Warwick District Council,Council (Borough/Disctrict/City),foi@warwickdc.gov.uk,https://www.warwickdc.gov.uk/WDC/WebPage.aspx?NRMODE=Published&NRNODEGUID=%7bC9B164C9-84DB-446D-AD01-1B1D622D4AD7%7d&NRORIGINALURL=%2fWDC%2fYour-Council%2fOnline-Services%2fForms%2fFreedom%2bof%2bInformation%2b-%2bRequest%2bForm%2ehtm&NRCACHEHINT=Guest,"Riverside House, Milverton Hill, Royal Leamington Spa CV32 5HZ"
Warwickshire County Council,Council (Borough/Disctrict/City),inforights@warwickshire.gov.uk,http://www.warwickshire.gov.uk/web/corporate/pages.nsf/Links/222ABC4CB372389C80256F56003A5885,"Shire Hall, Market Place, Warwick CV34 4RA"
Watford Borough Council,Council (Borough/Disctrict/City),enquiries@watford.gov.uk,http://www.watford.gov.uk/ccm/navigation/council-and-democracy/data-protection-and-freedom-of-information/freedom-of-information---advice/;jsessionid=78986FC65AF8942D827D09423677A92B,"Town Hall, Watford, Hertfordshire WD17 3EX"
Waveney District Council,Council (Borough/Disctrict/City),foi@eastsuffolk.gov.uk,http://www.waveney.gov.uk/site/scripts/downloads.php?categoryID=722,"Town Hall, High Street, Lowestoft, Suffolk NR32 1HS"
Waverley Borough Council,Council (Borough/Disctrict/City),Foi@waverley.gov.uk,http://www.waverley.gov.uk/info/200031/data_protection_and_freedom_of_information/478/freedom_of_information,"Council Offices, The Burys, Godalming, Surrey GU7 1HR"
Wealden District Council,Council (Borough/Disctrict/City),info@wealden.gov.uk,http://www.wealden.gov.uk/Wealden/Website_Tools/LegalInformation/Web_FOI.aspx,"Council Offices, Pine Grove, Crowborough, East Sussex TN6 1DH"
Wellingborough,Council (Borough/Disctrict/City),info@wellingborough.gov.uk,http://www.wellingborough.gov.uk/info/200031/data_protection_and_freedom_of_information/1058/freedom_of_information_performance,"Council Offices, Swanspool House, Wellingborough, Northants NN8 1BP"
Welwyn Hatfield Council,Council (Borough/Disctrict/City),freedom@welhat.gov.uk,http://www.welhat.gov.uk/index.aspx?articleid=885,"Council Offices, The Campus, Welwyn Garden City AL8 6AE"
West Berkshire Council,Council (Borough/Disctrict/City),foi@westberks.gov.uk,http://www.westberks.gov.uk/index.aspx?articleid=1079,"Council Offices, Market Street, Newbury RG14 5LD"
West Devon Borough Council,Council (Borough/Disctrict/City),foi@westdevon.gov.uk,http://www.westdevon.gov.uk/doc.asp?doc=10476&CAT=944,"Council Offices, Kilworthy Park, Drake Road, Tavistock, Devon PL19 0BZ"
West Dorset District Council,Council (Borough/Disctrict/City),foi@westdorset-dc.gov.uk,http://www.dorsetforyou.com/foi,"Council Offices, 58/60 High West Street, Dorchester DT1 1UZ"
West Dunbartonshire,Council (Borough/Disctrict/City),foi@west-dunbarton.gov.uk,http://www.west-dunbarton.gov.uk/law-and-licensing/data-protection-and-freedom-of-information/freedom-of-information/,"Council Offices, Garshake Road, Dunbarton G82 3PU"
West Lancashire District Council,Council (Borough/Disctrict/City),freedomofinformation@westlancs.gov.uk,Error 404 pages appearing for all FOI linked pages... ,"Council Offices, 52 Derby Street, Ormskink, Lancs L39 3DF"
West Lindsey,Council (Borough/Disctrict/City),customer.services@west-lindsey.gov.uk,http://www.west-lindsey.gov.uk/your-council/how-the-council-works/information-and-information-governance/freedom-of-information/104917.article,"The Guildhall, Caskgate Street, Gainsborough, Lincs. DN21 2DH"
West Lothian Council,Council (Borough/Disctrict/City),customer.services@westlothian.gov.uk,http://www.westlothian.gov.uk/law-licensing/DPA_FOI/FOI,"West Lothian House, Almondvale Boulevard, Livingston EH54 6QG"
West Oxfordshire,Council (Borough/Disctrict/City),enquiries@westoxon.gov.uk,http://www.westoxon.gov.uk/council/foieir.cfm,"Council Offices, Woodgreen, Witney, Oxfordshire OX8 6NB"
West Somerset,Council (Borough/Disctrict/City),customerservices@westsomerset.gov.uk ,http://www.westsomersetonline.gov.uk/Forms/Freedom-of-Information-Request,"West Somerset House, Killick Way, Williton, Taunton, Somerset TA4 4QA "
West Suffolk Council,,foi@westsuffolk.gov.uk,http://www.stedmundsbury.gov.uk/council_and_democracy/your_council/access-to-information.cfm,"West Suffolk House, Western Way, Bury St Edmunds, Suffolk, IP33 3YU"
West Sussex County Council,Council (Borough/Disctrict/City),FOI@westsussex.gov.uk,http://www.westsussex.gov.uk/your_council/about_west_sussex_county/freedom_of_information.aspx,"County Hall, West Street, Chichester PO19 1RQ"
Weymouth & Portland Borough Council,Council (Borough/Disctrict/City),foi@weymouth.gov.uk,http://www.dorsetforyou.com/foi,"Municipal Offices, North Quay, Weymouth DT4 8TA"
Wigan Metropolitan Borough,Council (Borough/Disctrict/City),foirequest@wigan.gov.uk,http://www.wigan.gov.uk/Services/CouncilDemocracy/PoliciesPlans/FreedomOfInformation/FreedomofInformation.htm,"Town Hall, Library Street, Wigan WN1 1YN"
Wiltshire Council,Council (Borough/Disctrict/City),foi@wiltshire.gov.uk,http://www.wiltshire.gov.uk/council/dataprotectionandfoi/foi.htm,"Bythesea Road, Trowbridge BA14 8JN"
Winchester City Council,Council (Borough/Disctrict/City),customerservice@winchester.gov.uk,http://www.winchester.gov.uk/about/foi/freedom-information-act/,"City Offices, Colebrook Street, Winchester SO23 9LJ"
Wirral Metropolitan Borough,Council (Borough/Disctrict/City),informationmanager@wirral.gov.uk,http://www.wirral.gov.uk/my-services/council-and-democracy/freedom-information-and-data-protection,"Town Hall, Brighton Street, Wallasey, Wirral CH44 8ED"
Woking Borough Council,Council (Borough/Disctrict/City),customers@woking.gov.uk,http://www.woking.gov.uk/council/about/customercarestandards/foi,"Civic Offices, Gloucester Square, Woking GU21 6YL"
Wokingham Council,Council (Borough/Disctrict/City),informationrequests@wokingham.gov.uk,http://www.wokingham.gov.uk/online/apply/foi/,"Civic Offices, Shute End, Wokingham RG40 3BN"
Wolverhampton City Council,Council (Borough/Disctrict/City),foi@wolverhampton.gov.uk,http://www.wolverhampton.gov.uk/council/contact/foi/,"Civic Centre, St Peter's Square, Wolverhampton WV1 1SH"
Worcester City Council,Council (Borough/Disctrict/City),foi@worcester.gov.uk,http://www.worcester.gov.uk/index.php?id=opengovernment,"Orchard House, Farrier Street, Worcester WR1 3BB"
Worcestershire County Council,Council (Borough/Disctrict/City),foi@worcestershire.gov.uk,http://www.worcestershire.gov.uk/cms/information-management/make-a-foi-or-eir-request.aspx,"County Hall, Spetchley Road, Worcester WR5 2NP"
Worthing Borough Council,Council (Borough/Disctrict/City),information.officer@adur-worthing.gov.uk,http://www.adur-worthing.gov.uk/about-the-councils/legal/foi/,"Town Hall, Chapel Road, Worthing BN11 1HA"
Wrexham County Borough Council,Council (Borough/Disctrict/City),foi@wrexham.gov.uk,http://www.wrexham.gov.uk/top_navigation/foi.htm,"The Guildhall, Wrexham LL11 1AY"
Wychavon District Council,Council (Borough/Disctrict/City),foi@wychavon.gov.uk,http://www.wychavon.gov.uk/cms/council-and-democracy/data-protection-and-foi/freedom-of-information.aspx,"Civic Centre, Queen Elizabeth Drive, Penshore, Worcs WR10 1PT"
Wycombe District Council,Council (Borough/Disctrict/City),access2information@wycombe.gov.uk,http://www.wycombe.gov.uk/council-services/council-and-democracy/dpa-and-foi/freedom-of-information.aspx,"Queen Victoria Road, High Wycombe HP11 1BB"
Wyre Borough Council,Council (Borough/Disctrict/City),mailroom@wyre.gov.uk,http://www.wyre.gov.uk/info/200031/data_protection_and_freedom_of_information/274/freedom_of_information,"Civic Centre, Breck Road, Poulton-le-Fylde, Lancs. FY6 7PU"
Wyre Forest District Council,Council (Borough/Disctrict/City),foi@wyreforestdc.gov.uk,http://www.wyreforestdc.gov.uk/cms/your-council-and-elections/data-protection-and-freedom-of/freedom-of-information--.aspx,"Civic Centre, Stourport-on-Severn, Worcestershire DY13 8UJ"
,Council (Borough/Disctrict/City),,,"District Offices, College Heath Road, Mildenhall, Suffolk IP28 7EY"
,Council (Borough/Disctrict/City),,,
,Council (Borough/Disctrict/City),,,